sequence,similarity,definition,organism
ELLNVCMNAKHHKEKPGPEDKLHEQCRPWRKNACCSTNTSQEAHKDVSYLYRFNWNHCGEMAPACKRHFIQDTCLYECSPNLGPWIQQVDQSWRKERVLNVPLCKEDCEQWWEDCRTSYTCKSNWHKGWNWTSGFNKCAVGAACQPFHFYFPTPTVLCNEIWTHSYKVSNYSRGSGRCIQMWFDPAQGNPNEEVARFYAAAMSGTLVPR,0.62,Chain A_ Folate receptor alpha [Homo sapiens] >pdb|4LRH|B Chain B_ Folate receptor alpha [Homo sapiens] >pdb|4LRH|C Chain C_ Folate receptor alpha [Homo sapiens] >pdb|4LRH|D Chain D_ Folate receptor alpha [Homo sapiens] >pdb|4LRH|E Chain E_ Folate receptor alpha [Homo sapiens] >pdb|4LRH|F Chain F_ Folate receptor alpha [Homo sapiens] >pdb|4LRH|G Chain G_ Folate receptor alpha [Homo sapiens] >pdb|4LRH|H Chain H_ Folate receptor alpha [Homo sapiens],Homo sapiens
DLLNVCMNAKHHKTQPSPEDELYGQCSPWKKNACCTASTSQELHKDTSRLYNFNWDHCGKMEPTCKRHFIQDSCLYECSPNLGPWIRQVNQSWRKERILNVPLCKEDCERWWEDCRTSYTCKSNWHKGWNWTSGINECPAGALCSTFESYFPTPAALCEGLWSHSFKVSNYSRGSGRCIQMWFDSAQGNPNEEVAKFYAAA,0.62,folate receptor 3 (gamma) [Homo sapiens] >emb|CAA83553.1| folate receptor FRGAMMA [Homo sapiens],Homo sapiens
DLLNVCMDAKHHKTKPGPEDKLHDQCSPWKKNACCTASTSQELHKDTSRLYNFNWDHCGKMEPACKRHFIQDTCLYECSPNLGPWIQQVNQSWRKERFLDVPLCKEDCQRWWEDCHTSHTCKSNWHRGWDWTSGVNKCPAGALCRTFESYFPTPAALCEGLWSHSYKVSNYSRGSGRCIQMWFDSAQGNPNEEVARFYAAAMHV,0.59,FOLR2 protein_ partial [Homo sapiens],Homo sapiens
QCSPWKKNACCTASTSQELHKDTSRLYNFNWDHCGKMEPACKRHFIQDTCLYECSPNLGPWIQQVNQSWRKERFLDVPLCKEDCQRWWEDCHTSHTCKSNWHRGWDWTSGVNKCPAGALCRTFESYFPTPAALCEGLWSHSYKVSNYSRGSGRCIQMWFDSAQGNPNEEVARFYAAAMHV,0.58,folate receptor beta [Homo sapiens] >gb|KAI4072959.1| folate receptor beta [Homo sapiens],Homo sapiens
DLLNVCMDAKHHKTKPGPEDKLHDQCSPWKKNACCTASTSQELHKDTSRLYNFNWDHCGKMEPACKRHFIQDTCLYECSPNLGPWIQQVNQSWRKERFLDVPLCKEDCQRWWEDCHTSHTCKSNWHRGWDWTSAALCEGLWSHSYKVSNYSRGSGRCIQMWFDSAQGNPNEEVARFYAAAMHV,0.54,folate receptor beta [Homo sapiens] >gb|KAI4072958.1| folate receptor beta [Homo sapiens],Homo sapiens
DLLNVCMDAKHHKTKPGPEDKLHDQCSPWKKNACCTASTSQELHKDTSRLYNFNWDHCGKMEPACKRHFIQDTCLYECSPNLGPWIQQVNQSWRKERFLDVPLCKEDCQRWWEDCHTSHTCKSNWHRGWDWTSGVNKCPAGALCRTFESYFPTPAALC,0.61,folate receptor beta_ partial [Homo sapiens] >gb|KAI4072963.1| folate receptor beta_ partial [Homo sapiens],Homo sapiens
DLLNVCMNAKYHKTQPSPEDELYGQTHDVQGVLQEDQELGQPRKSKCEVVLAGKHVLCRPALGVVAQWKKNACCMTNTSQELHKDTSRLYNFNWDHCGKMEPACKRHFIQDTGLYECSPNLGPWIWQVNQSWRKERILNVPLCKEDCERWWEDCRTSYTCKSNWHKGWNWTSGINECPAWALCHTFEPYFPTPAALCEGLWSHSFKVS,0.5,hCG1775145_ isoform CRA_b [Homo sapiens],Homo sapiens
DLLNVCMDAKHHKTKPGPEDKLHDQCSPWKKNACCTASTSQELHKDTSRLYNFNWDHCGKMEPACKRHFIQDTCLYECSPNLGPWIQQVNQSWRKERFLDVPLCKEDCQRWWEDCHTSHTCKSNWHRGWDWTSAALCEGLWSHS,0.53,folate receptor beta_ partial [Homo sapiens] >gb|KAI4072966.1| folate receptor beta_ partial [Homo sapiens],Homo sapiens
DLLNVCMNAKHHKTQPSPEDELYGQVGAPQGPSPGSVPLDDLPGAEEPEYGGDGCGGERLSPVSSPPSAVPGRRMPAARPAPARSCTRTPPACTTLTGITVVRWNPPASATLSRTAVSECSPNLGPWIRQVNQSWRKERILNVPLCKEDCERWWEDCRTSYTCKSNWHKGWNWTSGINECPAGALCSTFESYFPTPAALCEGLWSHSFKVSNYSRGSGRCIQMWFDSAQGNPNEEVAKFYAAA,0.42,folate receptor gamma isoform 2 precursor [Homo sapiens],Homo sapiens
ECSPNLGPWIRQVNQSWRKERILNVPLCKEDCERWWEDCRTSYTCKSNWHKGWNWTSGINECPAGALCSTFESYFPTPAALCEGLWSHSFKVSNYSRGSGRCIQMWFDSAQGNPNEEVAKFYAAA,0.61,folate receptor 3 (gamma)_ isoform CRA_a [Homo sapiens] >gb|EAW74844.1| folate receptor 3 (gamma)_ isoform CRA_a [Homo sapiens],Homo sapiens
DLLNVCMNAKHHKIQPSPEDELYGQVGAPQGPSPGSVPLDDLPGAEVPEYGGDGCGGERLSPVSSPPSAVPGRRMPAARPAPARSCTRTPPACTTLTGITVVRWNPPASATLSRTAVSECSPNLGPWIRQVNQSWRKERILNVPLCKEDCERWWEDCRTSYTCKSNWHKGWNWTSGINECPAGALCSTFESYFPTPAALCEGLWSHSFKVS,0.41,FOLR3 protein_ partial [Homo sapiens],Homo sapiens
ELLNVCMNAKHHKEKPGPEDKLHEQCRPWRKNACCSTNTSQEAHKDVSYLYRFNWNHCGEMAPACKRHFIQDTCLYECSPNLGPWIQQV,0.67,folate receptor 1 (adult)_ isoform CRA_b [Homo sapiens],Homo sapiens
TCLYECSPNLGPWIQQVDQSWRKERVLNVPLCKEDCEQWWEDCRTSYTCKSNWHKGCNWTSGFNKCAVGAACQPFHFYFPTP,0.63,folate binding protein_ partial [Homo sapiens],Homo sapiens
DLLNVCMDAKHHKTKPGPEDKLHDQCSPWKKNACCTASTSQELHKDTSRLYNFNWDHCGKMEPACKRHFIQDTCLYE,0.61,folate receptor beta_ partial [Homo sapiens] >gb|KAI4072962.1| folate receptor beta_ partial [Homo sapiens],Homo sapiens
ELLNVCMNAKHHKEKPGPEDKLHEQCRPWRKNACCSTNTSQEAHKDVSYLYRFNWNHCGEMAPACKRHFIQDTC,0.64,folate receptor alpha isoform_ partial [Homo sapiens],Homo sapiens
DLLNVCMNAKHHKTQPSPEDELYGQCSPWKKNACCTASTSQELHKDTSRLYNFNWDHCGKMEPTCKRHFIQDSCL,0.63,FR-gamma' [Homo sapiens] >gb|KAI2561631.1| folate receptor gamma [Homo sapiens] >gb|KAI4072952.1| folate receptor gamma [Homo sapiens] >emb|CAA83566.1| FRGAMMA' [Homo sapiens],Homo sapiens
WTSGFNKCAVGAACQPFHFYFPTPTVLCNEIWTHSYKVSNYSRGSGRCIQMWFDPAQGNPNEEVARFYAAA,0.55,folate receptor alpha isoform_ partial [Homo sapiens],Homo sapiens
DLLNVCMDAKHHKTKPGPEDKLHDQCSPWKKNACCTASTSQELHKDTSRLYNFNWDHCGKMEPAC,0.62,folate binding protein [Homo sapiens],Homo sapiens
DLLNVCMNAKHHKTQPSPEDELYGQCSPWKKNACCTASTSQELH,0.7,folate receptor gamma_ partial [Homo sapiens] >gb|KAI4072951.1| folate receptor gamma_ partial [Homo sapiens],Homo sapiens
LCEGLWSHSYKVSNYSRGSGRCIQMWFDSAQGNPNEEVARFYAAA,0.58,folate receptor alpha precursor_ partial [Homo sapiens] >gb|QGS70238.1| folate receptor alpha precursor_ partial [Homo sapiens],Homo sapiens
ELLNVCMNAKHHKEKPGPEDKLHEQ,0.76,folate receptor alpha precursor_ partial [Homo sapiens],Homo sapiens
DLLNVCMNAKYHKTQPSPEDELYGQCSP,0.68,hCG1775145_ isoform CRA_a [Homo sapiens],Homo sapiens
ELLNVCMNAKHHKEKPGPEDKLHEQCRPWRKNACCSTNTSQEAHKDVSYLYRFNWNHCGEMAPACKRHFIQDTCLYECSPNLGPWIQQVDQSWRKERVLNVPLCKEDCEQWWEDCRTSYTCKSNWHKGWNWTSGFNNCPVGAACQPFHFYFPTPTVLCNEIWTHSYKVSNYSRGSGRCIQMWFDPAQGNPNEEVARFYAAA,0.62,folate receptor alpha [Pan troglodytes] >ref|XP_054518508.1| folate receptor alpha [Pan troglodytes] >ref|XP_063640373.1| folate receptor alpha [Pan troglodytes] >ref|XP_063640374.1| folate receptor alpha [Pan troglodytes] >gb|PNI89545.1| FOLR1 isoform 1 [Pan troglodytes] >gb|PNI89546.1| FOLR1 isoform 2 [Pan troglodytes] >gb|PNI89547.1| FOLR1 isoform 3 [Pan troglodytes] >gb|PNI89548.1| FOLR1 isoform 4 [Pan troglodytes],Pan troglodytes
DLLNVCMNAKHHKTQPSPEDELYGQCSPWKKNACCTASTSQELHKDTSRLYNFNWDHCGKMEPTCKHHFIQDGCLYECSPNLGPWIRQVNQSWRKERILNVPLCKEDCERWWEDCRTSYTCKSNWHKGWNWTSGINECPAAALCSTFESYFPTPAALCEGLWSHSFKVSNYSRGSGRCIQMWFDSAQGNPNEEVAKFYAAA,0.61,FOLR3 isoform 4 [Pan troglodytes],Pan troglodytes
DLLNVCMDAKHHKTKPGPEDKLHDQCSPWKKNACCTASTSQELHKDTSRLYNFNWDHCGKMEPACKRHFIQDTCLYECSPNLGPWIQQVNQSWRKERFLDVPLCKEDCQRWWEDCHTSHTCKSNWHRGWDWTSGVNKCPAGALCRTFESYFPTPAALCEGLWSHSYKVSNYSRGSGRCIQMWFDSAQGNPNEEVARFYAAA,0.6,folate receptor beta isoform X1 [Nomascus leucogenys] >ref|XP_003313302.2| folate receptor beta isoform X1 [Pan troglodytes],Pan troglodytes
QCSPWKKNACCTASTSQELHKDTSRLYNFNWDHCGKMEPACKRHFIQDTCLYECSPNLGPWIQQVNQSWRKERFLDVPLCKEDCQRWWEDCHTSHTCKSNWHRGWDWTSGVNKCPAGALCRTFESYFPTPAALCEGLWSHSYKVSNYSRGSGRCIQMWFDSAQGNPNEEVARFYAAA,0.59,FOLR2 isoform 2 [Pan troglodytes],Pan troglodytes
DLLNVCMDAKHHKTKPGPEDKLHDQCSPWKKNACCTASTSQELHKDTSRLYNFNWDHCGKMEPACKRHFIQDTCLYECSPNLGPWIQQVNQSWRKERFLDVPLCKEDCQRWWEDCHTSHTCKSNWHRGWDWTSGVNKCPAGALCRTFESYFPTPAALCEGLWSHSYKVS,0.6,FOLR2 isoform 5_ partial [Pan troglodytes],Pan troglodytes
DLLNVCMDAKHHKTKPGPEDKLHDQCSPWKKNACCTASTSQELHKDTSRLYNFNWDHCGKMEPACKRHFIQDTCLYECSPNLGPWIQQVNQSWRKERFLDVPLCKEDCQRWWEDCHTSHTCKSNWHRGWDWTSAALCEGLWSHSYKVSNYSRGSGRCIQMWFDSAQGNPNEEVARFYAAA,0.54,FOLR2 isoform 1 [Pan troglodytes],Pan troglodytes
DLLNVCMNAKHHKTQPSPEDELYGQCSPWKKNACCTASTSQELHKDTSRLYNFNWDHCGKMEPTCKHHFIQDGCLYECSPNLGPWIRQVNQSWRKERILNVPLCKEDCERWWEDCRTSYTCKSNWHKGWNWTSGINECPAAALCSTF,0.62,FOLR3 isoform 6_ partial [Pan troglodytes],Pan troglodytes
DLLNVCMDAKHHKTKPGPEDKLHDQCSPWKKNACCTASTSQELHKDTSRLYNFNWDHCGKMEPACKRHFIQDTCLYECSPNLGPWIQQVNQSWRKERFLDVPLCKEDCQRWWEDCHTSHTCKSNWHRGWDWTSGVNKCPAGALC,0.6,FOLR2 isoform 8_ partial [Pan troglodytes] >gb|PNJ51531.1| FOLR2 isoform 8_ partial [Pongo abelii],Pan troglodytes
DLLNVCMDAKHHKTKPGPEDKLHDQCSPWKKNACCTASTSQELHKDTSRLYNFNWDHCGKMEPACKRHFIQDTCLYE,0.61,FOLR2 isoform 10_ partial [Pan troglodytes],Pan troglodytes
DLLNVCMNAKHHKTQPSPEDELYGQCSPWKKNACCTASTSQELHKDTSRLYNFNWDHCGKMEPTCKHHFIQDGCL,0.63,LOW QUALITY PROTEIN: FOLR3 isoform 3 [Pan troglodytes],Pan troglodytes
DLLNVCMNAKHHKTQPSPEDELYGQV,0.69,FOLR3 isoform 1 [Pan troglodytes],Pan troglodytes
ELLNVCMNAKHHKEKPGPEDKLHEQCRPWRKNACCSTNTSQEAHKDVSYLYRFNWNHCGEMAPACKRHFIQDTCLYECSPNLGPWIQQVDQSWRKERVLNVPLCKEDCEQWWEDCRTSYTCKNNWHKGWNWTSGFNKCPVGAACQPFHFYFPTPTVLCNEIWTHSYKVSNYSRGSGRCIQMWFDPAQGNPNEEVAKFYAAA,0.6,folate receptor alpha [Pongo abelii] >ref|XP_024111070.1| folate receptor alpha [Pongo abelii] >ref|XP_024111071.1| folate receptor alpha [Pongo abelii] >ref|XP_054295065.1| folate receptor alpha [Pongo pygmaeus] >ref|XP_054295066.1| folate receptor alpha [Pongo pygmaeus] >ref|XP_054295067.1| folate receptor alpha [Pongo pygmaeus] >ref|XP_063527279.1| folate receptor alpha [Pongo pygmaeus] >ref|XP_063567360.1| folate receptor alpha [Pongo abelii] >gb|PNJ51534.1| FOLR1 isoform 1 [Pongo abelii] >gb|PNJ51535.1| FOLR1 isoform 2 [Pongo abelii] >gb|PNJ51536.1| FOLR1 isoform 3 [Pongo abelii] >gb|PNJ51537.1| FOLR1 isoform 4 [Pongo abelii],Pongo abelii
DLLNVCMNAKHHKAQPSPEDKLYGQCSPWKKNACCTANTSQELHKDTSHLYNFNWDHCGKMEPACKRHFIQDSCLYECSPNLGPWIRQVNQSWRKERILNVPLCKEDCEHWWEDCRTSYTCKSNWHKGWNWTLGINECPAGALCRTFESYFPTPAALCEGLWSHSFKVSNYSRGSGRCIQMWFDSAQGNPNEEVAKFYAAA,0.62,folate receptor gamma [Pongo abelii] >ref|XP_054381959.1| folate receptor gamma [Pongo abelii] >ref|XP_063584254.1| folate receptor gamma [Pongo abelii] >ref|XP_063584255.1| folate receptor gamma [Pongo abelii] >ref|XP_063584256.1| folate receptor gamma [Pongo abelii] >ref|XP_063584257.1| folate receptor gamma [Pongo abelii] >ref|XP_063584258.1| folate receptor gamma [Pongo abelii] >ref|XP_063584259.1| folate receptor gamma [Pongo abelii] >gb|PNJ51539.1| FOLR3 isoform 2 [Pongo abelii],Pongo abelii
DLLNVCMDAKHHKTKPGPEDKLHDQCSPWKKNACCTASTSQELHKDTSRLYNFNWDHCGKMEPACKRHFIQDTCLYECSPNLGPWIQQVNQSWRKERFLDVPLCKEDCQRWWEDCHTSHTCKSNWHRGWDWTSGVNKCPAGALCRTFESYFPTPAALCDGLWSHSYKVSNYSQGSGRCIQMWFDSAQGNPNEEVARFYAAA,0.58,folate receptor beta [Pongo abelii] >gb|PNJ51527.1| FOLR2 isoform 4 [Pongo abelii],Pongo abelii
DLLNVCMDAKHHKTKPGPEDKLHDQCSPWKKNACCTASTSQELHKDTSRLYNFNWDHCGKMEPACKRHFIQDTCLYECSPNLGPWIQQVNQSWRKERFLDVPLCKEDCQRWWEDCHTSHTCKSNWHRGWDWTSGVNKCPAGALCRTFESYFPTPAALCDGLWSHSYKVS,0.59,FOLR2 isoform 5_ partial [Pongo abelii],Pongo abelii
QCSPWKKNACCTASTSQELHKDTSRLYNFNWDHCGKMEPACKRHFIQDTCLYECSPNLGPWIQQVNQSWRKERFLDVPLCKEDCQRWWEDCHTSHTCKSNWHRGWDWTSGVNKCPAGALCRTFESYFPTPAALCDGLWSHSYKVSNYSQGSGRCIQMWFDSAQGNPNEEVARFYAAA,0.57,FOLR2 isoform 2 [Pongo abelii],Pongo abelii
DLLNVCMDAKHHKTKPGPEDKLHDQCSPWKKNACCTASTSQELHKDTSRLYNFNWDHCGKMEPACKRHFIQDTCLYECSPNLGPWIQQVNQSWRKERFLDVPLCKEDCQRWWEDCHTSHTCKSNWHRGWDWTSAALCDGLWSHSYKVSNYSQGSGRCIQMWFDSAQGNPNEEVARFYAAA,0.52,FOLR2 isoform 1 [Pongo abelii],Pongo abelii
DLLNVCMNAKHHKAQPSPEDKLYGQCSPWKKNACCTANTSQELHKDTSHLYNFNWDHCGKMEPACKRHFIQDSCLYECSPNLGPWIRQVNQSWRKERILNVPLCKEDCEHWWEDCRTSYTCKSNWHKGWNWTLGINECPAGALCRTF,0.63,FOLR3 isoform 5_ partial [Pongo abelii],Pongo abelii
DLLNVCMDAKHHKTKPGPEDKLHDQCSPWKKNACCTASTSQELHKDTSRLYNFNWDHCGKMEPACKRHFIQDTCLYECSPNLGPWIQQVNQSWRKERFLDVPLCKEDCQRWWEDCHTSHTCKSNWHRGWDWTSGVNKCPAGALC,0.6,FOLR2 isoform 9_ partial [Pongo abelii],Pongo abelii
DLLNVCMDAKHHKTKPGPEDKLHDQCSPWKKNACCTASTSQELHKDTSRLYNFNWDHCGKMEPACKRHFIQDTCLYE,0.61,FOLR2 isoform 10_ partial [Pongo abelii],Pongo abelii
DLLNVCMNAKHHKAQPSPEDKLYGQCSPWKKNACCTANTSQELHKDTSHLYNFNWDHCGKMEPACKRHFIQDSCL,0.64,LOW QUALITY PROTEIN: FOLR3 isoform 3_ partial [Pongo abelii],Pongo abelii
DLLNVCMNAKHHKAQPSPEDKLYGQCSPWKKNACCTANTSQELH,0.73,FOLR3 isoform 6_ partial [Pongo abelii],Pongo abelii
DLLNVCMNAKHHKAQPSPEDKLYGQV,0.73,FOLR3 isoform 1 [Pongo abelii],Pongo abelii
ELLNVCMNAKHHKEKPGPEDKLHEQCRPWRKNACCSTNTSQEAHKDVSYLYRFNWNHCGEMAPACKRHFIQDTCLYECSPNLGPWIQQVDQSWRKERVLNVPLCKEDCEQWWEDCRTSYTCKNNWHKGWNWTSGFNKCPVGAACQPFHFYFPTPTVLCNEIWTHSYKVSNYSRGSGRCIQMWFDPAQGNPNEEVAKFYAA,0.6,folate receptor alpha [Pongo abelii] >ref|XP_024111070.1| folate receptor alpha [Pongo abelii] >ref|XP_024111071.1| folate receptor alpha [Pongo abelii] >ref|XP_054295065.1| folate receptor alpha [Pongo pygmaeus] >ref|XP_054295066.1| folate receptor alpha [Pongo pygmaeus] >ref|XP_054295067.1| folate receptor alpha [Pongo pygmaeus] >ref|XP_063527279.1| folate receptor alpha [Pongo pygmaeus] >ref|XP_063567360.1| folate receptor alpha [Pongo abelii] >gb|PNJ51534.1| FOLR1 isoform 1 [Pongo abelii] >gb|PNJ51535.1| FOLR1 isoform 2 [Pongo abelii] >gb|PNJ51536.1| FOLR1 isoform 3 [Pongo abelii] >gb|PNJ51537.1| FOLR1 isoform 4 [Pongo abelii],Pongo pygmaeus
DLLNVCMNAKHHKAQPSPEDKLYGQCSPWKKNACCTANTSQELHKDTSHLYNFNWDHCGKMEPACKRHFIQDSCLYECSPNLGPWIRQVNQSWRKERILNVPLCKEDCEHWWEDCRTSYTCKSNWHKGWNWTLGINECPAGALCRTFESYFPTPAALCEGLWSHSFKVSNYSRGSGRCIQMWFDSAQGNPNEEVAKFYAA,0.62,folate receptor gamma isoform X2 [Pongo pygmaeus] >ref|XP_063528109.1| folate receptor gamma isoform X2 [Pongo pygmaeus] >ref|XP_063528110.1| folate receptor gamma isoform X2 [Pongo pygmaeus] >ref|XP_063528111.1| folate receptor gamma isoform X2 [Pongo pygmaeus] >ref|XP_063528112.1| folate receptor gamma isoform X2 [Pongo pygmaeus] >ref|XP_063528113.1| folate receptor gamma isoform X2 [Pongo pygmaeus] >ref|XP_063528114.1| folate receptor gamma isoform X2 [Pongo pygmaeus] >ref|XP_063528115.1| folate receptor gamma isoform X2 [Pongo pygmaeus] >ref|XP_063528116.1| folate receptor gamma isoform X2 [Pongo pygmaeus] >ref|XP_063528117.1| folate receptor gamma isoform X2 [Pongo pygmaeus] >ref|XP_063528118.1| folate receptor gamma isoform X2 [Pongo pygmaeus],Pongo pygmaeus
DLLNVCMDAKHHKTKPGPEDKLHDQCSPWKKNACCTASTSQELHKDTSRLYNFNWDHCGKMEPACKRHFIQDTCLYECSPNLGPWIQQVNQSWRKERFLDVPLCKEDCQRWWEDCHTSHTCKSNWHRGWDWTSGVNKCPAGALCRTFESYFPTPAALCDGLWSHSYKVSNYSQGSGRCIQMWFDSAQGNPNEEVARFYAA,0.58,folate receptor beta isoform X2 [Pongo pygmaeus],Pongo pygmaeus
DLLNVCMNAKHHKAQPSPEDKLYGQVRAAWWRTACTQCSPWKKNACCTANTSQELHKDTSHLYNFNWDHCGKMEPACKRHFIQDSCLYECSPNLGPWIRQVNQSWRKERILNVPLCKEDCEHWWEDCRTSYTCKSNWHKGWNWTLGINECPAGALCRTFESYFPTPAALCEGLWSHSFKVSNYSRGSGRCIQMWFDSAQGNPNEEVAKFYAA,0.59,folate receptor gamma isoform X1 [Pongo pygmaeus] >ref|XP_054296071.1| folate receptor gamma isoform X1 [Pongo pygmaeus] >ref|XP_054296072.1| folate receptor gamma isoform X1 [Pongo pygmaeus] >ref|XP_063528104.1| folate receptor gamma isoform X1 [Pongo pygmaeus] >ref|XP_063528105.1| folate receptor gamma isoform X1 [Pongo pygmaeus] >ref|XP_063528106.1| folate receptor gamma isoform X1 [Pongo pygmaeus] >ref|XP_063528107.1| folate receptor gamma isoform X1 [Pongo pygmaeus] >ref|XP_063528108.1| folate receptor gamma isoform X1 [Pongo pygmaeus],Pongo pygmaeus
ELLNICMNAKHHKEKPGPEDKLHEQCRPWRKNACCSTNTSQEAHKDVSYLYRFNWNHCGEMAPACKRHFIQDTCLYECSPNLGPWIQQVDQSWRKERVLNVPLCKEDCEQWWEDCRTSYTCKSNWHKGWNWTSGFNKCPVGAACQPFHFYFPTPTVLCNEIWTHSYKVSNYSRGSGRCIQMWFDPAQGNPNEEVARFYAAA,0.62,folate receptor alpha isoform X4 [Nomascus leucogenys] >ref|XP_032022754.1| folate receptor alpha [Hylobates moloch] >ref|XP_055138780.1| folate receptor alpha [Symphalangus syndactylus] >ref|XP_063497860.1| folate receptor alpha [Symphalangus syndactylus],Hylobates moloch
DLLNVCMNAKHHKTQPSPEDELYGQCSPWKKNACCTANTSQELHKDTSRLYNFNWDHCGKMEPACKHHFIQDNCLYECSPNLGPWIRQVNQSWRKERILNVPLCKEDCERWWEDCRTSYTCKSNWQKGWNWTSGINECPAGALCRTFESYFPTPAALCEGLWSHSFKVSNYSRGSGRCIQMWFDSAQGNPNEEAAKFYAAA,0.61,folate receptor gamma [Hylobates moloch] >ref|XP_058302766.1| folate receptor gamma [Hylobates moloch],Hylobates moloch
DLLNVCMDAKHHKTKPGPEDKLHDQCSPWKKNACCTASTSQELHKDTSHLYNFNWDHCGKMEPACKRHFIQDTCLYECSPNLGPWIQQVNQSWRKERFLDVPLCKEDCQRWWEDCHTSHTCKSNWHRGWDWTSGVNKCPAGALCRTFESYFPTPAALCEGLWSHSYKVSNYSRGSGRCIQMWFDSAQGNPNEEVARFYAAA,0.59,folate receptor beta isoform X1 [Hylobates moloch],Hylobates moloch
ELLNICMNAKHHKEKPGPEDKLHEQCRPWRKNACCSTNTSQEAHKDVSYLYRFNWNHCGEMAPACKRHFIQDTCLYECSPNLGPWIQQVDQSWRKERVLNVPLCKEDCEQWWEDCRTSYTCKSNWHKGWNWTSGFNKCPVGAACQPFHFYFPTPTVLCNEIWTHSYKVSNYSRGSGRCIQMWFDSAQGNPNEEVARFYAAA,0.62,folate receptor alpha isoform X3 [Nomascus leucogenys],Nomascus leucogenys
DLLNVCMNAKHHKTQPSPEDQLYGQCSPWKKNACCTANTSQELHKDTSRLYNFNWDHCGKMEPACKHHFIQDNCLYECSPNLGPWIQQVNQSWRKERILNVPLCKEDCERWWEDCRTSYTCKSNWQKGWNWTSGINECPAGALCRTFESYFPTPAALCEGLWSHSFKVSNYSRGSGRCIQMWFDSAQGNPNEEVAKFYAAA,0.62,folate receptor gamma isoform X1 [Nomascus leucogenys],Nomascus leucogenys
DLLNVCMDAKHHKTKPGPEDKLHDQCSPWKKNACCTASTSQELHKDTSRLYNFNWDHCGKMEPACKRHFIQDTCLYECSPNLGPWIQQVNQSWRKERFLDVPLCKEDCQRWWEDCHTSHTCKSNWHRGWDWTSGVNKCPAGALCRTFESYFPTPAALCEGLWSHSYKVSNYSRGSGRCIQMWFDSAQGNPNEEVARFYAAA,0.59,folate receptor beta isoform X2 [Pan troglodytes] >ref|XP_030685307.1| folate receptor beta isoform X2 [Nomascus leucogenys],Nomascus leucogenys
MEPACKHHFIQDNCLYECSPNLGPWIQQVNQSWRKERILNVPLCKEDCERWWEDCRTSYTCKSNWQKGWNWTSGINECPAGALCRTFESYFPTPAALCEGLWSHSFKVSNYSRGSGRCIQMWFDSAQGNPNEEVAKFYAAA,0.59,folate receptor gamma isoform X2 [Nomascus leucogenys],Nomascus leucogenys
ELLNICMNAKHHKEKPGPEDKLHEQCRPWRKNACCSTNTSQEAHKDVSYLYRFNWNHCGEMAPACKRHFIQDTCLYECSPNLGPWIQQVDQSWRKERVLNVPLCKEDCEQWWEDCRTSYTCKSNWHKGWNWTSGFNKCPVGAACQPFHFYFPTPTVLCNEIWTHSYKVSNYSRGSGRCIQMWFDPAQGNPNEEVARFYAAA,0.62,folate receptor alpha isoform X4 [Nomascus leucogenys] >ref|XP_032022754.1| folate receptor alpha [Hylobates moloch] >ref|XP_055138780.1| folate receptor alpha [Symphalangus syndactylus] >ref|XP_063497860.1| folate receptor alpha [Symphalangus syndactylus],Symphalangus syndactylus
DLLNVCMNAKHHKTQPSPEDKLYGQCSPWKKNACCTANTSQELHKDTSRLYNFNWDHCGKMEPACKHHFIQDNCLYECSPNLGPWIRQVNQSWRKERILNVPLCKEDCERWWEDCRTSYTCKSNWQKGWNWTSGTNECPAGALCRTFESYFPTPAALCEGLWSHSFKVSNYSRGSGRCIQMWFDSAQGNPNEEVAKFYAAA,0.62,folate receptor gamma [Symphalangus syndactylus],Symphalangus syndactylus
DLLNVCMDAKHHKTKPGPEDKLHDQCSPWKKNACCTASTSQELHKDTSRLYNFNWDHCGKMEPACKRHFIQDTCLYECSPNLGPWIQQVNQSWRKERFLDVPLCKEDCQRWWEDCHTSHTCKSNWHRGWDWTSGVNKCPAGALCRTFESYFPTPAALCEGLWSHSYKVSNYSRGSGRCIQMWFDSAQGNPNEEVARFYAAA,0.6,folate receptor beta isoform X1 [Symphalangus syndactylus],Symphalangus syndactylus
ELLNVCMNAKHHKEKPGPEDKLHEQCRPWKKNACCSTNTSQEAHKDVSYLYRFNWNHCGEMAPACKRHFIQDTCLYECSPNLGPWIQQVDQSWRKERVLNVPLCKEDCEQWWEDCRTSYTCKSNWHKGWNWTSGFNKCPVGAACQPFHFYFPTPTVLCNEIWTYSYKVSNYSRGSGRCIQMWFDPAQGNPNEEVARFYAA,0.62,folate receptor alpha precursor [Macaca mulatta] >ref|XP_001114655.1| folate receptor alpha isoform X1 [Macaca mulatta] >ref|XP_005579002.1| PREDICTED: folate receptor alpha [Macaca fascicularis] >ref|XP_005579002.3| folate receptor alpha [Macaca fascicularis] >ref|XP_010365193.1| folate receptor alpha [Rhinopithecus roxellana] >ref|XP_010365194.1| folate receptor alpha [Rhinopithecus roxellana] >ref|XP_014970613.1| folate receptor alpha isoform X1 [Macaca mulatta] >ref|XP_017749965.1| PREDICTED: folate receptor alpha [Rhinopithecus bieti] >ref|XP_017749966.1| PREDICTED: folate receptor alpha [Rhinopithecus bieti] >ref|XP_017749967.1| PREDICTED: folate receptor alpha [Rhinopithecus bieti] >ref|XP_050612374.1| folate receptor alpha [Macaca thibetana thibetana] >ref|XP_050612375.1| folate receptor alpha [Macaca thibetana thibetana] >gb|EHH23217.1| Folate receptor alpha [Macaca mulatta],Rhinopithecus bieti
DLLNVCMDAKHHKTKPGPEDKLHDQCSPWKKNACCTANTSQELHKDTSRLYNFNWDHCGKMEPACKRHFIQDTCLYECSPHLGPWIRQVNQSWRKERFLDVPLCKEDCQRWWEDCHTSHTCKSNWHRGWDWTSGVNKCPAGALCLTFESYFPTPVALCEGLWSHSYKVSNYSRGSGRCIQMWFDSAQGNPNEEVARFYAA,0.59,folate receptor beta isoform X1 [Rhinopithecus roxellana] >ref|XP_017749964.1| PREDICTED: folate receptor beta [Rhinopithecus bieti],Rhinopithecus bieti
DLLNVCMNAKHHKAQPSPEDELYGQCSPWKKNACCTANTSQELHKDISRLYNFNWDHCGKMQPACKRHFIQDACLYECSPNLGPWIWQVNQSWRKERILNVPLCKEDCEHWWEDCRTSYTCKSNWHKGINECPAGALCRTFESYFPTPATLCEGLWSHSFKVSNYSGGSGRCIQMWFDSAQGNANEEVAKFYAA,0.58,PREDICTED: folate receptor gamma [Rhinopithecus bieti] >ref|XP_017749969.1| PREDICTED: folate receptor gamma [Rhinopithecus bieti],Rhinopithecus bieti
SWRKERILNVPLCKEDCEHWWEDCRTSYTCKSNWHKGWNWSSGINECPAGALCRTFESYFPTPATLCEGLWSHSFKVSNYSGGSGRCIQMWFDSAQGNANEEVAKFY,0.62,PREDICTED: folate receptor gamma-like_ partial [Rhinopithecus bieti],Rhinopithecus bieti
ELLNVCMNAKHHKEKPGPEDKLHEQCRPWKKNACCSTNTSQEAHKDVSYLYRFNWNHCGEMAPACKRHFIQDTCLYECSPNLGPWIQQVDQSWRKERVLNVPLCKEDCEQWWDDCRTSYTCKSNWHKGWNWTSGFNKCPVGAACKPFHFYFPTPMVLCNEIWTYSYKVSNYSRGSGRCIQMWFDPAQGNPNEEVARFYAAA,0.61,folate receptor alpha [Theropithecus gelada] >ref|XP_025213012.1| folate receptor alpha [Theropithecus gelada] >ref|XP_025213013.1| folate receptor alpha [Theropithecus gelada],Theropithecus gelada
DLLNVCMDAKHHKTKPGPEDKLHDQCSPWKKNACCTANTSQELHKDTSRLYNFNWDHCGKMEPACKRHFIQDTCLYECSPNLGPWIRQVNQSWRKERFLDVPLCKEDCQRWWEDCHTSHTCKSNWHRGWDWTSGVNKCPAGALCLTFESYFPTPVALCEGLWSHSYKVSNYSRGSGRCIQMWFDSAQGNPNEEVARFYAA,0.59,folate receptor beta isoform X4 [Theropithecus gelada],Theropithecus gelada
DLLNVCMNAKQHKAQPSPEDELYGQCSPXKNACCMANTSQELHKDTSRLYNFNWDHCGKMEPACKRHFIQDTCLYECSPNLGPWIWQVNQSWRKERILNVPLCKEDCERWWEDCRTSYTCKSNWHKGWNWTSGINECPARALCRTFESYFPTPAALCEGLWSHSFKVSNYSGGSGRCIQMWFDSAQGNANEEVAKFYAAT,0.58,LOW QUALITY PROTEIN: folate receptor gamma-like [Theropithecus gelada],Theropithecus gelada
DLLNVCMDAKHHKTKPGPEDKLHDQCSPWKKNACCTANTSQELHKDTSRLYNFNWDHCGKMEPACKRHFIQDTCLYECSPNLGPWIRQVNQSWRKERFLDVPLCKEDCQRWWEDCHTSHTCKSNWHRGWDWTSVALCEGLWSHSYKVSNYSRGSGRCIQMWFDSAQGNPNEEVARFYAA,0.53,folate receptor beta isoform X5 [Theropithecus gelada],Theropithecus gelada
ERILNVPLCKEDCERWWEDCRTSYTCKSNWHKGWNWTSGINECLARALCRTFESYFPTPAALCEGLWSHSFKVSNYSGGSGRCIQMWFDSAQGNANEEVAKFYAAT,0.59,folate receptor gamma-like_ partial [Theropithecus gelada],Theropithecus gelada
ELLNVCMNAKHHKEKPGPEDKLHEQCRPWKKNACCSTNTSQEAHKDVSYLYRFNWNHCGEMAPACKRHFIQDTCLYECSPNLGPWIQQVDQSWRKERVLNVPLCKEDCEQWWDDCRTSYTCKSNWHKGWNWTSGFNKCPVGAACQPFHFYFPTPIVLCNEIWTYSYKVSNYSRGSGRCIQMWFDPAQGNPNEEVARFYAA,0.62,folate receptor alpha [Papio anubis],Papio anubis
DLLNVCMNAKHHKAQPSPEDELYGQCSPWKKNACCTANTSQELHKDTSRLYNFNWDHCGKMEPACKRHFIQDACLYECSPNLGPWIWQVNQSWRKERILNVPLCKEDCERWWEDCRTSYTCKSNWHKGWNWTSGINECPARALCRTFESYFPTPAALCEGLWSHSFKVSNYSGGSGRCIQMWFDSAQGNANEEVAKFYAA,0.59,folate receptor gamma isoform X1 [Papio anubis] >ref|XP_009185112.1| folate receptor gamma isoform X1 [Papio anubis] >ref|XP_011900416.1| PREDICTED: folate receptor gamma isoform X2 [Cercocebus atys],Papio anubis
DLLNVCMNAKHHKAQPSPEDELYGQCSPWKKNACCTANTSQELHKDTSRLYNFNWDHCGKMEPACKRHFIQDACLYECSPNLGPWIWQVNQSWRKERILNVPLCKEDCERWWEDCRTSYTCKSNWHKGWNWTSGINECPARALCRTFESYFPTPAALCEGLWSHSFKS,0.61,folate receptor gamma isoform X2 [Papio anubis],Papio anubis
TSQELHKDTSRLYNFNWDHCGKMEPACKRHFIQDTCLYECSPNLGPWIWQVNQSWRKERILNVPLCKEDCERWWEDCRTSYTCKSNWHKGWNWTSGINECPARALCRTFESYFPTPAALCEGLWSHSFKVSNYSGGSGRCIQMWFDSAQGNANEEVAKFYAA,0.57,folate receptor gamma-like [Papio anubis],Papio anubis
MEPACKRHFIQDTCLYECSPNLGPWIRQVNQSWRKERFLDVPLCKEDCQRWWEDCHTSHTCKSNWHRGWDWTSGVNKCPAGALCLTFESYFPTPVALCEGLWSHSYKVSNYSRGSGRCIQMWFDSAQGNPNEEVARFYAA,0.58,folate receptor beta [Papio anubis],Papio anubis
ELLNVCMNAKHHKEKPGPEDKLHEQCRPWKKNACCSTNTSQEAHKDVSYLYRFNWNHCGEMAPACKRHFIQDTCLYECSPNLGPWIQQVDQSWRKERVLNVPLCKEDCEQWWEDCRTSYTCKSNWHKGWNWTSGFNKCPVGAACQPFHFYFPTPTVLCNEIWTDSYKVSNYSRGSGRCIQMWFDPAQGNPNEEVARFYAA,0.62,folate receptor alpha [Piliocolobus tephrosceles] >ref|XP_023065304.1| folate receptor alpha [Piliocolobus tephrosceles] >ref|XP_023065305.1| folate receptor alpha [Piliocolobus tephrosceles],Piliocolobus tephrosceles
DLLNVCMNAKHHKAQPSPEDELYGQCSPWKKNACCTANTSQELHKDISRLYNFNWDHCGKMQPACKRHFIQDACLYECSPNLGPWIWQVNQSWRKERILNVPLCKEDCEHWWEDCRTSYTCKSNWHKGWNWTSGINECPAGALCRTFESYFPTPAALCEGLWSHSFKVSNYSGGSGRCIQMWFDSAQGNANEEVAKFYAA,0.6,folate receptor gamma [Piliocolobus tephrosceles] >ref|XP_023065308.1| folate receptor gamma [Piliocolobus tephrosceles] >ref|XP_023065309.1| folate receptor gamma [Piliocolobus tephrosceles],Piliocolobus tephrosceles
DLLNVCMDAKHHKTKPGPEDKLHDQCSPWKKNACCTANTSQELHKDTSRLYNFNWDHCGKMEPACKRHFIQDTCLYECSPHLGPWIRQVNQSWRKERFLDVPLCKEDCQRWWEDCHTSHTCKSNWHRGWDWTSGVNKCPAGALCLTFESYFPTPVALCEGLWSHSYKVSNYSRGSGRCIQMWFDSAQGNPNEEVARFYAA,0.59,folate receptor beta [Piliocolobus tephrosceles],Piliocolobus tephrosceles
ELLNVCMNAKHHKEKPGPEDKLHEQCRPWKKNACCSTNTSQEAHKDVSYLYRFNWNHCGEMAPACKRHFIQDTCLYECSPNLGPWIQQVDQSWRKERVLNVPLCKEDCEQWWEDCRTSYTCKSNWHKGWNWTSGFNKCPVGAACQPFHFYFPTPTVLCNEIWTYSYKVSNYSRGSGRCIQMWFDPAQGNPNEEVARFYAA,0.62,folate receptor alpha [Chlorocebus sabaeus] >ref|XP_037861449.1| folate receptor alpha [Chlorocebus sabaeus],Chlorocebus sabaeus
DLLNVCMDAKHHKTKPGPEDKLHDQCSPWKKNACCTANTSQELHKDTSRLYNFNWDHCGKMEPACKRHFIQDTCLYECSPNLGPWIRQVNQSWRKERFLDVPLCKEDCQRWWEDCRTSHTCKSNWHRGWDWTSGVNKCPAGALCLTFESYFPTPVALCEGLWSHSYKVSNYSRGSGRCIQMWFDSAQGNPNEEVARFYAA,0.59,folate receptor beta isoform X1 [Chlorocebus sabaeus],Chlorocebus sabaeus
DLLNVCMNAKHHKAQPSPEDELYGQCSPWKKNACCTANTSQELHKDTSRLYNFNWDHCGKMEPACKRHFIQDGCLYECSPNLGPWIRQVNQSWRKERILNVPLCKEDCERWWEDCRTSYTCKSNWHKGWNWTSGINECPARALCRTFESYFPTPATLCEGVWSHSFKVSNYSGGSGLCIQMWFDSAQGNANEEVAKFYAA,0.58,folate receptor gamma [Chlorocebus sabaeus],Chlorocebus sabaeus
QCSPWKKNACCTANTSQELHKDTSRLYNFNWDHCGKMEPACKRHFIQDTCLYECSPNLGPWIRQVNQSWRKERFLDVPLCKEDCQRWWEDCRTSHTCKSNWHRGWDWTSGVNKCPAGALCLTFESYFPTPVALCEGLWSHSYKVSNYSRGSGRCIQMWFDSAQGNPNEEVARFYAA,0.58,folate receptor beta isoform X2 [Chlorocebus sabaeus],Chlorocebus sabaeus
DLLNVCMNAKQHKAQPSPEDELHGQCRPWKKNACCSTNTSQEAHKDVSYLYRFNWNHCGEMAPACKRHFIQDTCLYECSPNLGPWIQQVDQSWRKERVLNVPLCKEDCEQWWEDCRTSYTCKSNWHKGWNWTSGFNKCPVGAACQPFHFYFPTPTVLCNEIWTYSYKVSNYSRGSGRCIQMWFDPAQGNPNEEVARFYA,0.6,PREDICTED: folate receptor alpha [Mandrillus leucophaeus],Mandrillus leucophaeus
DLLNVCMNAKHHKAQPSPEDELYGQCSPWKKNACCTANTSQELHKDTSRLYNFNWDHCGKMEPACKRHFIQDACLYECSPNLGPWIWQVNQSWRKERILNVPLCKEDCERWWEDCRTSYTCKSNWHKGWNWTSGINECPARALCRTFESYFPTPAALCEGLWSHSFKVSNYSGGSGRCIQMWFDSAQGNANEEVAKFYA,0.6,PREDICTED: folate receptor gamma [Mandrillus leucophaeus] >ref|XP_011849061.1| PREDICTED: folate receptor gamma [Mandrillus leucophaeus] >ref|XP_011849062.1| PREDICTED: folate receptor gamma [Mandrillus leucophaeus],Mandrillus leucophaeus
DLLNVCMDAKHHKTKPGPEDKLHDQCSPWKKNACCTANTSQELHKDTSRLYNFNWDHCGKMEPACKRHFIQDTCLYECSPNLGPWIRQVNQSWRKERFLDVPLCKEDCQRWWEDCHTSHTCKSNWHRGWDWTSGVNKCPAGAPCRTFESYFPTPVALCEGLWSHSYKVSNYSRGSGCCIQMWFDSAQGNPNEEVARFYA,0.59,PREDICTED: folate receptor beta isoform X5 [Mandrillus leucophaeus],Mandrillus leucophaeus
DLLNVCMDAKHHKTKPGPEDKLHDQCSPWKKNACCTANTSQELHKDTSRLYNFNWDHCGKMEPACKRHFIQDTCLYECSPNLGPWIRQVNQSWRKERFLDVPLCKEDCQRWWEDCHTSHTCKSNWHRGWDWTSVALCEGLWSHSYKVSNYSRGSGCCIQMWFDSAQGNPNEEVARFYA,0.53,PREDICTED: folate receptor beta isoform X6 [Mandrillus leucophaeus],Mandrillus leucophaeus
ELLNVCMNAKHHKEKPGPEDKLHEQCRPWKKNACCSTNTSQEAHKDVSYLYRFNWNHCGEMAPACKRHFIQDTCLYECSPNLGPWIQQVDQSWRKERVLNVPLCKEDCEQWWEDCRTSYTCKSNWHKGWNWTSGFNKCPVGAACQPFHFYFPTPTVLCNEIWTYSYKVSNYSRGSGRCIQMWFDPAQGNPNEEVARFYAA,0.62,folate receptor alpha [Trachypithecus francoisi] >ref|XP_033059767.1| folate receptor alpha [Trachypithecus francoisi],Trachypithecus francoisi
DLLNVCMDAKHHKTKPGPEDKLHDQCSPWKKNACCTANTSQELHKDTSRLYNFNWDHCGKMEPACKRHFIQDTCLYECSPNLGPWIRQVNQSWRKERFLDVPLCKEDCQRWWEDCHTSHTCKSNWHRGWDWTSGVNKCPAGALCLTFESYFPTPVALCEGLWSHSYKVSNYSRGSGRCIQMWFDSAQGNPNEEVARFYAA,0.6,folate receptor beta isoform X3 [Trachypithecus francoisi],Trachypithecus francoisi
DLLNVCMNAKHHKAQPSPEDELYGQCSPWKKNACCTANTSQELHKDISRLYNFNWDHCGKMQPACKRHFIQDACLYECSPNLGPWIWQVNQSWRKERILNVPLCKEDCEHWWEDCRTSYTCKSNWHKGWNWSSGINECPAGALCRTFESYFPTPATLCEGLWSHSFKVSNYSGGSGRCIQMWFDSAQGNANEEVAKFYAA,0.6,folate receptor gamma [Trachypithecus francoisi] >ref|XP_033059769.1| folate receptor gamma [Trachypithecus francoisi],Trachypithecus francoisi
ELLNVCMNAKHHKEKPGPEDKLHEQCRPWKKNACCSTNTSQEAHKDVSYLYRFNWNHCGEMAPACKRHFIQDTCLYECSPNLGPWIQQVDQSWRKERVLNVPLCKEDCEQWWEDCRTSYTCKSNWHKGWNWTSGFNKCPVGAACQPFHFYFPTPTVLCNEIWTYSYKVSNYSRGSGRCIQMWFDPAQGNPNEEVARFYAA,0.62,folate receptor alpha [Macaca nemestrina] >ref|XP_024644543.1| folate receptor alpha [Macaca nemestrina],Macaca nemestrina
DLLNVCMDAKHHKTKPGPEDKLHDQCSPWKKNACCTANTSQELHKDTSRLYNFNWDHCGKMEPACKRHFIQDTCLYECSPNLGPWIRQVNQSWRKERFLDVPLCKEDCQRWWEDCHTSHTCKSNWHRGWDWTSGVNKCPAGALCLTFESYFPTPVALCEGLWSHSYKVSNYSRGSGRCIQMWFDSAQGNPNEEVARFYAA,0.59,folate receptor beta [Macaca nemestrina],Macaca nemestrina
DLLNVCMNAKHHKAQPSPEDELYGQCSPWKKNACCTANTSQELHKDTSRLYNFNWDHCGKMEPACKRHFIQDACLYECSPNLGPWIRQVNQSWRKERILNVPLCKEDCERWWEDCRTSYTCKSNWHKGWNWTSGINECPARALCRTFESYFPTPAALCEGLWSHSFKVSNYSGGSGRCIQMWFDSAQGNANEEVAKFYAA,0.59,folate receptor gamma [Macaca nemestrina] >ref|XP_011717233.1| folate receptor gamma [Macaca nemestrina],Macaca nemestrina
ELLNVCMNAKHHKEKPGPEDKLHEQCRPWKKNACCSTNTSQEAHKDVSYLYRFNWNHCGEMAPACKRHFIQDTCLYECSPNLGPWIQQVDQSWRKERVLNVPLCKEDCERWWEDCRTSYTCKSNWHKGWNWTSGFNKCPVGAACQPFHFYFPTPTVLCNEIWTYSYKVSNYSRGSGRCIQMWFDPAQGNPNEEVARFYAA,0.62,Folate receptor alpha [Macaca fascicularis],Macaca fascicularis
DLLNVCMDAKHHKTKPGPEDKLHDQCSPWKKNACCTANTSQELHKDTSRLYNFNWDHCGKMEPACKRHFIQDTCLYECSPNLGPWIRQVNQSWRKERFLDVPLCKEDCQRWWEDCHTSHTCKSNWHRGWDWTSGVNKCPAGALCLTFESYFPTPVALCEGLWSHSYKVSNYSRGSGRCIQMWFDSAQGNPNEEVARFYAA,0.59,folate receptor beta isoform X1 [Macaca fascicularis] >ref|XP_014970614.1| folate receptor beta isoform X1 [Macaca mulatta] >ref|XP_050612366.1| folate receptor beta isoform X1 [Macaca thibetana thibetana],Macaca fascicularis
DLLNVCMNAKHHKAQPSPEDELYGQCSPWKKNACCTANTSQELHKDTSRLYNFNWDHCGKMEPACKRHFIQDACLYECSPNLGPWIWQICVNQSWRKERILNVPLCKEDCERWWEDCRTSYTCKSNWHKGWNWTSGINECPARALCRTFESYFPTPAALCEGLWSHSFKVSNYSGGSGRCIQMWFDSAQGNANEEVAKFYAA,0.58,folate receptor gamma [Macaca fascicularis],Macaca fascicularis
DLLNVCMNAKQHKAQPSPEDELYGQGLPWEKNACCTANTSQELHKDTSRLYNFNWDHCGKMEPACKCHFIQDTCLYECSPNLGPWIWQVNQSWRKERILNVPLCKEDCERWWEDCRTSYTCKSNWHKGWNWTSGINECPAWALCRTFESYFPTPAALCEGLWSHSFKVSNYSGGSGRCIQMWFDSAQVNANEEMAKFYAA,0.57,hypothetical protein EGM_05996 [Macaca fascicularis],Macaca fascicularis
ELLNVCMNAKHHKEKPGPEDKLHEQCRPWKKNACCSTNTSQEAHKDVSYLYRFNWNHCGEMAPACKRHFIQDTCLYECSPNLGPWIQQVDQSWRKERVLNVPLCKEDCEQWWEDCRTSYTCKSNWHKGWNWTSGFNECPVGAACQPFHFYFPTPTVLCNEIWTYSYKVSNYSRGSGRCIQMWFDPAQGNPNEEVARFYAA,0.61,PREDICTED: folate receptor alpha [Colobus angolensis palliatus] >ref|XP_011812192.1| PREDICTED: folate receptor alpha [Colobus angolensis palliatus] >ref|XP_011812193.1| PREDICTED: folate receptor alpha [Colobus angolensis palliatus],Colobus angolensis palliatus
DLLSVCMNAKHHKAQPSPEDELYGQCSPWKKNACCTANTSQELHKDISRLYNFNWDHCGKMQPACKRHFIQDACLYECSPNLGPWIWQVNQSWRKERILNVPLCKEDCEHWWEDCRTSYTCKSNWHKGWNWTSGINECPAGALCRTFESYFPTPAALCEGLWSHSFKVSNYSGGSGRCIQMWFDSAQGNANEEVAKFYAA,0.59,PREDICTED: folate receptor gamma [Colobus angolensis palliatus],Colobus angolensis palliatus
DLLNVCMDAKHHKTKPGPEDKLHDQCSPWKKNACCTANTSQELHKDTSRLYNFNWDHCGKMEPACKRHFIQDTCLYECSPHLGPWIRQVNQSWRKERFLDVPLCKEDCQRWWEDCHTSRTCKSNWHRGWDWTSGVNKCPAGALCLTFESYFPTPVALCEGLWSHSYKVSNYSRGSGRCIQMWFDSAQGNPNEEVARFYAA,0.58,PREDICTED: folate receptor beta isoform X6 [Colobus angolensis palliatus],Colobus angolensis palliatus
DLLNVCMDAKHHKTKPGPEDKLHDQCSPWKKNACCTANTSQELHKDTSRLYNFNWDHCGKMEPACKRHFIQDTCLYECSPHLGPWIRQVNQSWRKERFLDVPLCKEDCQRWWEDCHTSRTCKSNWHRGWDWTSVALCEGLWSHSYKVSNYSRGSGRCIQMWFDSAQGNPNEEVARFYAA,0.52,PREDICTED: folate receptor beta isoform X5 [Colobus angolensis palliatus],Colobus angolensis palliatus
ELLNVCMDAKHHKEKPGPEDKLHEQCRPWRKNACCSTNTSQEAHKDVSYLYNFNWNHCGEMEPACKRHFIQDTCLYECSPNLGPWIQQVDQSWRKERVLDVPLCKEDCEQWWKDCRTSKTCKSNWHKGWNWTSGSNECPVGATCEYFHSYFPTPTALCNEIWSHSFKVSNYSRGSGRCIQMWFDPAQGNPNEEVARFYAA,0.62,folate receptor alpha [Saimiri boliviensis boliviensis] >ref|XP_010332594.1| folate receptor alpha [Saimiri boliviensis boliviensis],Saimiri boliviensis boliviensis
DLLNVCMDAKHHKTKPGPEDKLHDQCSPWRKNACCTANTSRELHKDTSRLYNFNWDHCGRMEPACKRHFIQDTCLYECSPNLGPWIRQVNQSWRKERFLDVPLCKEDCQRWWEDCHTSHTCKSNWHRGWDWTSGVNKCPAGALCRSFEFYFPTPAALCEGLWSHSYKVSNYSRGSGRCIQMWFDSTQGNPNEEVARFYAT,0.6,folate receptor beta [Saimiri boliviensis boliviensis],Saimiri boliviensis boliviensis
LLNVCMDAKHHKAQPGPEDNLYGQCSPWRKNACCTASTSRELHKDTSRLYNFNWEHCGRMEPACKRHFIQDNCLYECSPNLGPWIRQVNQSWRKERILNVPLCKEDCERWWEDCRTSYTCKSNWHKGWNWTSGINECPAGAVCRTFESYFPTPAALCEGLWSHSYKVSDYNGGSGRCIQMWFDSAQGNPNEEVARFYAA,0.61,folate receptor gamma [Saimiri boliviensis boliviensis] >ref|XP_039327199.1| folate receptor gamma [Saimiri boliviensis boliviensis] >ref|XP_039327200.1| folate receptor gamma [Saimiri boliviensis boliviensis] >ref|XP_039327201.1| folate receptor gamma [Saimiri boliviensis boliviensis] >ref|XP_039327202.1| folate receptor gamma [Saimiri boliviensis boliviensis] >ref|XP_039327203.1| folate receptor gamma [Saimiri boliviensis boliviensis] >ref|XP_039327204.1| folate receptor gamma [Saimiri boliviensis boliviensis],Saimiri boliviensis boliviensis
ELLNVCMDAKHHKEKPGPEDKLHEQCRPWRKNACCSTNTSQEAHKDVSYLYNFNWNHCGEMAPACKRHFIQDTCLYECSPNLGPWIQQVDQSWRKERVLDVPLCKEDCEQWWKDCNTSKTCKSNWHKGWNWTSGSNKCPVGAACLPFHSYFPTPTALCNEIWSHSFKVSNYSRGSGRCIQMWFDPDQGNPNEEVARFYAA,0.61,folate receptor alpha [Callithrix jacchus] >ref|XP_017833314.1| folate receptor alpha [Callithrix jacchus],Callithrix jacchus
DLLNVCMDAKHHKTKPGPEDKLHDQCSPWRKNACCTANTSQELHKDTSRLYNFNWDHCGRMEPACKRHFIQDNCLYECSPNLGPWIQQVNQSWRKERFLDVPLCKEDCQRWWEDCHTSHTCKSNWHRGWDWTSGVNKCPAGALCRTFESYFPTPAALCEGLWSHSYKVSNYSRGSGRCIQMWFDSTQGNPNEEVARFYAA,0.6,folate receptor beta isoform X2 [Callithrix jacchus],Callithrix jacchus
LLNVCMDAKHHKAHPGPEDNLYGQCSPWRKNACCTANTSQELHKDTSRLYNFNWEHCGRMEPACKRHFIQDNCLYECSPNLGPWIRQVNQSWRKERILNVPLCKEDCERWWEDCRTSYTCKSNWQKGWNWTSGINECPAGALCHTFESYFPTPAALCEGLWSHSYKVSDYSRGSGRCIQMWFDSAQGNPNEEVARFYAA,0.6,folate receptor gamma [Callithrix jacchus] >ref|XP_009005743.1| folate receptor gamma [Callithrix jacchus] >ref|XP_017833315.1| folate receptor gamma [Callithrix jacchus] >ref|XP_017833317.1| folate receptor gamma [Callithrix jacchus] >ref|XP_035121417.1| folate receptor gamma [Callithrix jacchus],Callithrix jacchus
LLNVCMDAKHHKAHPGPEDNLYGQCSPWRKNACCTANTSQYNTSRLYNFNWEHCGRMEPACKHHFIRDTCLYESSPNLGPDPADTWLTGAFPFLPTQVNQSWRKERILNVPLCKEDCERWWEDCRTSYTCKSNWQKGWNWTSGINECPAGALCHTFESYFPTPAALCEGLWSHSYKVSDYSRGSGRCIQMWFDSAQGNPNEEVARFYAA,0.56,folate receptor beta isoform X4 [Callithrix jacchus],Callithrix jacchus
ELLNVCMDAKHHKEKPGPEDKLHEQCRPWRKNACCSTNTSQEAHKDVSYLYNFNWNHCGEMAPACKRHFIQDTCLYECSPNLGPWIQQVDQSWRKERVLDVPLCKEDCEQWWKDCRTSDTCKSNWHKGWNWTSGSNKCPVGATCRPFYFYFPTPTALCNEIWSHSFKVSNYSRGSGRCIQMWFDPAQGNPNEEVARFYAA,0.61,folate receptor alpha [Aotus nancymaae] >ref|XP_012312321.2| folate receptor alpha [Aotus nancymaae] >ref|XP_064221648.1| folate receptor alpha [Aotus nancymaae],Aotus nancymaae
LNVCMDAKYHKAQPGPEDNLYGQCSPWRKNACCTADTSQELHKDTSRLYNFNWEHCGKMEPACKRHFIQDNCLYECSPNLGPWIRQVNQSWRKERILNVPLCKEDCERWWEDCRTSYTCKSNWHKGWNWTSGINECPAGALCRTFESYFPTPAALCEGLWSHSYKVSDYSRGSGRCIQMWFDSAQGNPNEEVARFYAA,0.6,folate receptor gamma [Aotus nancymaae] >ref|XP_012312303.2| folate receptor gamma [Aotus nancymaae] >ref|XP_012312304.2| folate receptor gamma [Aotus nancymaae],Aotus nancymaae
LNVCMDAKHHKTKPGPEDKLHDQCSPWRKNACCTADTSQELHKDTSRLYNFNWEHCGKMEPACKRHFIQDTCLYECSPNLGPWIRQVNQSWRKQRFLDVPLCKEDCQRWWEDCHTSHTCKSNWHRGWDWTSGVNKCPAGALCRTFEFYFPTPAALCEGLWSHSYKVSNYSRGSGRCIQMWFDSTQGNPNEEVSRFYAA,0.6,folate receptor beta isoform X2 [Aotus nancymaae],Aotus nancymaae
ELLNVCMDAKHHKEKPGPEDNLHEQCTPWKKNACCTADTSEEAHKDISNLYRFNWDHCGKMAPACKRHFIQDTCFYECSPNLGPWIKQVDQSWRKERILNVPLCKEDCESWWEDCRSSYTCKGNWHKGWNWTSGYNQCPVKAACHPFPFYFPTPADLCNEIWSHSYKVSNYSRGSGRCIQMWFDPAQGNPNEEVARLYA,0.65,PREDICTED: folate receptor alpha [Propithecus coquereli],Propithecus coquereli
DLLNVCMDAKHHKAKPSPEDNLYGQCSPWRKNACCSVSTSQELHKDISGLYNFNLDHCGKMEPACKRHFIQDNCLYECSPNLGPWIRQVNQSWRKERILNVPLCKEDCQRWWEDCRSSYTCKSNWQKGWNWTSGINECPAGTACRTFESYFPTPAALCEGLWSHSYKVSNYSRGSGRCIQMWFDPAQGNPNEEVAKFYA,0.6,PREDICTED: folate receptor gamma [Propithecus coquereli],Propithecus coquereli
LLNVCMDAKHHKTKPGPEDKLHDQCSPWRKNACCSVNTSQELHKDTSRLYNFNWDHCRKMEPACKRHFIQDTCLYECSPNLGPWIRQVDQSWRKERFLDVPLCKEDCQHWWEDCRTSYTCKSNWHQGWEWTSGVNKCPAGATCRTFESYFPTPAALCEGLWSHSYKVSNYSRGSGRCIQMWFDPAQGNPNEEVAKFYA,0.6,PREDICTED: folate receptor beta [Propithecus coquereli],Propithecus coquereli
ELLNVCMDAKHHKEKPSAEDKLHEQCSPWKKNACCTTNTSEEAHKDISYLYRFNWNHCGQMAPACKRHFIQDTCLYECSPNLGPWIQQVDQSWRKERILNVPLCKEDCESWWKDCRSSYTCKSNWHKGWNWTSGYNQCPVKAACHPFPFYFPTPADLCNEIWSHSYKVSNYSRGSGRCIQMWFDPHQGNPNDKVAKFYAH,0.62,folate receptor alpha-like [Lemur catta] >ref|XP_045411501.1| folate receptor alpha-like [Lemur catta] >ref|XP_045411502.1| folate receptor alpha-like [Lemur catta],Lemur catta
DLLNVCMDAKHHKTKPGPEDKLHDQCSPWRKNACCSVNTSQELHKDTSRLYNFNWDHCGKMEPACKRHFIQDTCLYECSPNLGPWIQQVDQSWRKERFLDVPLCKEDCQHWWEDCRTSFTCKSNWHKGWEWTSGVNKCPAGTTCRTFESYFPSPAALCEGLWSHSYKVSNYSRGSGRCIQMWFDPAQGNPNEEVAKFYA,0.6,folate receptor beta [Lemur catta],Lemur catta
ELLNICMDAKHHKAKPSREDKLHEQCSPWKKNACCTANTSQEAHKDISYLYGFNWDHCGTMEPACKRHFIQDTCLYECSPNLGPWIQQVDQSWRKERILDVPLCKEDCERWWEDCRTSYTCKSNWHKGWNWTSGYNQCPVEAACHPFDFYFPTPTALCNDIWSHSYKVSNYSRGSGRCIQMWFDPAQGNPNEEVARFYA,0.65,folate receptor alpha-like [Diceros bicornis minor] >ref|XP_058401693.1| folate receptor alpha-like [Diceros bicornis minor],Diceros bicornis minor
DLLNVCMDAKHHKTKPGPEDKLHDQCSPWKKNACCSVSTSRELHKDTSLLYNFTWDHCGKMEPACKRHFIQDTCLYECSPNLGPWIQQVNQSWRKERFLNVPLCKDDCQRWWEDCRTSHTCKSNWHEGWDWTSGSNKCPAEATCRLFESYFPTPAALCEELWSHSYKVSTYSRGSGRCIQMWFDPAQGNPNEEVARFYA,0.62,folate receptor gamma-like [Diceros bicornis minor],Diceros bicornis minor
DLLNVCMDAKHHKTKPGPEDKLHDQTFTLREGWGCSQGKT,0.47,hypothetical protein HPG69_017861 [Diceros bicornis minor],Diceros bicornis minor
ELLNVCMDAKHHKEKPSPEDELHEQCSPWKKNSCCFANTSREAHKDISYLYRFNWDHCGQMAPACKQHFIQDTCLYECSPNLGPWIQQVNQSWRKERILNVPLCKEDCQQWWEDCRTSYTCKSNWHKGWNWSSGHNRCPVGAACHHFHFYFPTPAALCEGIWSHSYKLSNYSRGSGRCIQMWFDPAQGNPNEEVARFYA,0.63,folate receptor alpha-like [Prionailurus bengalensis] >ref|XP_046927356.1| folate receptor alpha-like isoform X2 [Lynx rufus] >ref|XP_047735097.1| folate receptor alpha-like isoform X1 [Prionailurus viverrinus] >ref|XP_047735098.1| folate receptor alpha-like isoform X1 [Prionailurus viverrinus],Prionailurus viverrinus
DLLSVCMDAKQHKTKPGPEDKLHDQCTPWRKNACCSHNTSQELHKDPSLLYNFNLDHCGKIEPACKRHFIQDNCLYECSPNLGPWIQEVNQSWRKERFLDVPLCKEDCQQWWEDCRTSYTCKNNWHKGWDWSSGSNKCPAGAACCTFETYFPTPAALCEGIWSHSYKLSNYNRGSGRCIQMWFDPAQGNPNEEVARFYA,0.62,folate receptor gamma-like [Prionailurus viverrinus],Prionailurus viverrinus
MSRFNWDHCGQMAPACKQHFIQDTCLYECSPNLGPWIQQVNQSWRKERILNVPLCKEDCQQWWEDCRTSYTCKSNWHKGWNWSSGHNRCPVGAACHHFHFYFPTPAALCEGIWSHSYKLSNYSRGSGRCIQMWFDPAQGNPNEEVARFYA,0.62,folate receptor beta-like isoform X2 [Prionailurus viverrinus],Prionailurus viverrinus
ELLNVCMDAKHHKEKPSPEDELHEQCSPWKKNSCCFANTSREAHKDISYLYRFNWDHCGQMAPACKQHFIQDTCLYECSPNLGPWIQQVNQSWRKERILNVPLCKEDCQQWWEDCRTSYTCKSNWHKGWNWSSGHNRCPVGAACHHFHFYFPTPAALCSEIWSHSYKLSNYSRGSGRCIQMWFDPAQGNPNEEVARFYA,0.63,folate receptor alpha-like [Leopardus geoffroyi] >ref|XP_045340100.1| folate receptor alpha-like [Leopardus geoffroyi] >ref|XP_045340101.1| folate receptor alpha-like [Leopardus geoffroyi] >ref|XP_045340102.1| folate receptor alpha-like [Leopardus geoffroyi],Leopardus geoffroyi
DLLNVCMDAKHHKTKPGPEDKLHDQCTPWRKNACCSHNTSQELHKDPSLLYNFNLDHCGKIEPACKRHFIQDNXLYECSPNLGPWIQEVNQSWRKERFLDVPLCKEDCQQWWEDCRTSYTCKSNWHKGWDWSSGSNKCPAGATCRTFETYFPTPAALCEGIWSHSYKLSNYSRGSGRCIQMWFNPAQGNPNEEVARFYA,0.64,LOW QUALITY PROTEIN: folate receptor gamma-like [Leopardus geoffroyi],Leopardus geoffroyi
ELLNVCMDAKHHKEKPSPEDELHEQCSPWKKNSCCFANTSREAHKDISYLYRFNWDHCGQMAPACKQHFIQDTCLYECSPNLGPWIQQVNQSWRKERILNVPLCKEDCQQWWEDCRTSYTCKSNWHKGWNWSSGHNRCPVGAACHHFHFYFPTPAALCEGIWSHSYKLSNYSRGSGRCIQMWFDPAQGNPNEEVARFYA,0.63,folate receptor alpha-like [Prionailurus bengalensis] >ref|XP_046927356.1| folate receptor alpha-like isoform X2 [Lynx rufus] >ref|XP_047735097.1| folate receptor alpha-like isoform X1 [Prionailurus viverrinus] >ref|XP_047735098.1| folate receptor alpha-like isoform X1 [Prionailurus viverrinus],Prionailurus bengalensis
DLLSICMDAKHHKTKPGPEDKLHDQCTPWRKNACCSHNTSQELHKDPSLLYNFNLDHCGKIEPACKRHFIQDNCLYECSPNLGPWIQEVNQSWRKERFLDVPLCKEDCQQWWEDCRTSYTCKNNWHKGWDWSSGSNKCPAGAACRTFETYFPTPAALCEGIWSHSYKLSNYNRGSSRCIQMWFDPAQGNPNEEVARFYA,0.62,folate receptor gamma-like [Prionailurus bengalensis],Prionailurus bengalensis
ELLNVCMDAKHHKEKPSPEDELHEQCSPWKKNSCCFANTSREAHKDISYLYRFNWDHCGQMAPACKQHFIQDTCLYECSPNLGPWIQQVNQSWRKERILNVPLCKEDCQQWWEDCRTSYTCKSNWHKGWNWSSGHNRCPVGAACHHFHFYFPTPAALCEGIWSHSYKLSNYSRGSGRCIQMWFDPAQGNPNEEVARFYA,0.63,folate receptor alpha-like [Lynx canadensis] >ref|XP_030186717.1| folate receptor alpha-like [Lynx canadensis],Lynx canadensis
DLLNVCMDAKHHKTKPGPEDKLHDQCTPWRKNACCSHNTSQELHKDPSLLYNFNLDHCGKIEPACKRHFIQDNCLYECSPNLGPWIQEVNQSWRKERFLDVPLCKEDCQQWWEDCRTSYTCKNNWHKGWDWSSGSNKCPAGATCRTFETYFPTPAALCEGIWSHSYKLSNYXRGSGRCIQMWFDXGPGNPNEEVARFYA,0.62,LOW QUALITY PROTEIN: folate receptor gamma-like [Lynx canadensis],Lynx canadensis
ELLNVCMDAKHHKAKPGPEDQLHGQCSPWRKNACCSVSTIQELHKDTSLLYNFNWDHCGKMEPACKRHFIQDTCLYECSPNLGPWIQQVNQIWRKERFLNVPLCKEDCESWWQDCRTSHTCKTNWHKGWNWTSGSNECPAEAVCRTFEFYFPTPVALCEGIWSHSYQVSRHSQGSGRCIQMWFDPGQGNPNEEVARFYA,0.58,folate receptor gamma [Desmodus rotundus],Desmodus rotundus
LLNVCMDAKYHKKKPGLEDKLHDQCSPWKKNACCSVNTSQEAHKDVSYLYRFNWEHCGRMEPACKRHFIQDTCLYECSPNLGPWIQQVNQSWRRERILNVPLCKEDCESWWQDCLTSYTCKTNWHKGWNWTSGSNECPVESACHPFHFYFPTPAALCNEIWTHSYKVSNYSRGSGRCIQMWFDPAHGNPNEDVARFYA,0.58,folate receptor alpha-like [Desmodus rotundus],Desmodus rotundus
DLLNVCMDAKHHKTKPGPEDKLHDQCSPWKKNACCSVSTSRELHKDTSLLYNFTWDHCGKMEPACKRHFIQDTCLYECSPNLGPWIQQVDQSWRKERILDVPLCKEDCERWWEDCRTSYTCKSNWHKGWNWTSGYNQCPVEAACHPFDFYFPTPTALCNDIWTQSYKVSNYSRGSGRCIQMWFDPAQGNPNEEVARFYA,0.63,PREDICTED: folate receptor alpha-like isoform X1 [Ceratotherium simum simum],Ceratotherium simum simum
ELLNVCMDAKHHKAKPSREDKLHEQCSPWKKNACCTANTSQEAHKDISYLYRFNWDHCGTMEPACKRHFIQDTCLYECSPNLGPWIRQVDQSWRKERILDVPLCKEDCERWWEDCRTSYTCKSNWHKGWNWTSGYNQCPVEAACHPFDFYFPTPTALCNDIWTQSYKVSNYSRGSGRCIQMWFDPAQGNPNEEVARFYA,0.64,PREDICTED: folate receptor alpha-like isoform X2 [Ceratotherium simum simum],Ceratotherium simum simum
DLLNVCMDAKHHKTKPGPEDKLHDQCSPWKKNACCSVSTSRELHKDTSLLYNFTWDHCGKMEPACKRHFIQDTCLYECSPNLGPWIQQVNQSWRKERFLNVPLCKDDCQRWWEDCRTSHTCKSNWHKGWDWTSGSNKCPAEATCRPFESYFPTPAALCEELWSHSYKVSTYSRGSGRCIQMWFDPAQGNPNEEVARFYA,0.62,PREDICTED: folate receptor beta isoform X3 [Ceratotherium simum simum],Ceratotherium simum simum
ELLNVCMDAKHHKEKPSPEDELHEQCSPWKKNSCCFANTSREAHKDISYLYRFNWDHCGQMAPACKQHFIQDTCLYECSPNLGPWIQQVNQSWRKERILNVPLCKEDCQQWWEDCRTSYTCKSNWHKGWNWSSGHNRCPVGAACHHFHFYFPTPASLCEGIWSHSYKLSNYSRGSGRCIQMWFDPAQGNPNEEVARFYA,0.63,folate receptor alpha-like [Puma yagouaroundi] >ref|XP_040345172.1| folate receptor alpha-like [Puma yagouaroundi],Puma yagouaroundi
DLLNVCMDAKHHKTKPGPEDKLHDQCTPWRKNACCSHNTSQELHKDPSLLYNFNLDHCSKIEPACKRHFIQDNCLYECSPNLGPWIQEVNQSWRKERFLDVPLCKEDCQQWWEDCRTSYTCKSNWHKGWDWSSGSNKCPAGATCRTFETYFPTPAALCEGIWSHSYKLSNYSRGSGHCIQMWFDPAQGNPNEEVARFYA,0.63,folate receptor beta-like [Puma yagouaroundi] >ref|XP_040345167.1| folate receptor beta-like [Puma yagouaroundi],Puma yagouaroundi
GAELLNVCMDAKHHKEKPSPEDKLHEQCSPWKKNACCSVNTSQEAHKDVSYLYRFNWDHCGPLEPICKRHFIQDTCLYECSPNLGPWIQQVNQSWRKERILNVPLCKEDCESWWRDCRTSYTCKANWHKGWNWTSGLNECPVKDACHPFHFYFPTPAALCNEIWSHSYKVSNYSRGSGRCIQMWFDPAQGNPNEEVARFYA,0.6,folate receptor alpha [Phyllostomus hastatus],Phyllostomus hastatus
GTELLNVCMDAKHHKAKLGPKDKLHDQCSPWRKNACCSASTSQELHKDTSLLYNFTWDHCGKMEPACKHHFIQDTCLYECSPNLGPWIQEVNQSWRKERFLNVPLCKEDCESWWQDCRTSYTCKTDWHKGWNWTSGSNKCPAEAVCQTFESYFPTPVALCEGIWSHSYKVSNYSQGSGRCIQMLFDLAQGNPNEEVARFYA,0.56,folate receptor beta-like isoform X3 [Phyllostomus hastatus],Phyllostomus hastatus
GTELLNVCMDAKHHKAKLGPKDKLHDQCSPWRKNACCSVSTSQELHKDTSLLYNFNWDHCGKMEPARKRHFIQDTCLYECSPNLGPWMQEVNQSWRKEHFLNVPLCKEDCESWWEDCCTSYTCKTDWYKGWNWTSGANKCPAEAVCHTFELYFPTPVALCEGIWSHSYKVSKYSRGSGPCIQMWFDPAQGNPNEEVARFFA,0.56,folate receptor beta-like isoform X1 [Phyllostomus hastatus],Phyllostomus hastatus
GAELLNVCMDAKHHKEKPSPEDKLHEQCSPWKKNACCSVNTSQEAHKDVSYLYRFNWDHCGPLEPVCKRHFIQDTCLYECSPNLGPWIQQVNQSWRKERILNVPLCKEDCESWWRDCRTSYTCKTNWHKGWNWTSGFNECPVKDACHPFYFYFPTPAALCNEIWSHSYKVSNYSRGSGRCIQMWFDPAQGNPNEEVARFYA,0.6,folate receptor alpha [Phyllostomus discolor],Phyllostomus discolor
GTELLNICMDAKHHKAKPGPEDKLHDQCSPWRKNACCSVSTSQELHKDTSLLYNFNWDHCRKMEPACKRHFIQDTCLYECSPNLGPWIQEDRDVG,0.59,folate receptor alpha [Phyllostomus discolor],Phyllostomus discolor
GTELLNVCMDAKHHKAKPGPEDKLHDQCSPWRKNACCSVSTSQELHKDTSLLYNFNWDHCRKMEPACKRHFIQDTCLYECSPNLGPWIQEVNQSWRKERFLNVPLCKEDCESWWRDCRTSYTCKTDWHKGWNWTSGSNKCPAEAVCRTFEFYFPTPVALCEGIWSHSYKVSKYSRGSGRCIQMWFDPAQGNPNEEVARFYA,0.58,folate receptor beta isoform X2 [Phyllostomus discolor] >ref|XP_035884757.1| folate receptor beta isoform X2 [Phyllostomus discolor] >gb|KAF6103414.1| folate receptor beta [Phyllostomus discolor],Phyllostomus discolor
LFNVCMGAKYSKKNPGPEDKFHDQCSPWKKNACCSVNTSQEAHKDVSYLYRFNWDHCGPLEPVCKRHFIQDTCLYECSPNLGPWIQQVNQSWRKERILNVPLCKEDCESWWRDSYTCKTNWHKGWNWTSGFNECPVKDACHPFYFYFPTPAALCNEIWSHSYKVSNYSQGSGRCIQMWFDPAQGNPNEEVVRSYA,0.56,folate receptor alpha-like [Phyllostomus discolor],Phyllostomus discolor
MEPACKRHFIQDTCLYECSPNLGPWIQEVNQSWRKERFLNVPLCKEDCESWWRDCRTSYTCKTDWHKGWNWTSGSNKCPAEAVCRTFEFYFPTPVALCEGIWSHSYKVSKYSRGSGRCIQMWFDPAQGNPNEEVARFYA,0.59,folate receptor beta [Phyllostomus discolor],Phyllostomus discolor
LINVCMDAKHHKTKPGPEDKLHDQCSPWKKNACCSVNTSRELHKDTSLLYNFNWDHCGKMEPACKRHFIQDTCLYECSPNLGPWIQQVDQSWRKERFLDVPLCKEDCESWWEACRTSYTCKSNWQKGWDWTSGSNKCPAEATCRTFESYFPTPAALCEELWSHSYKVSNYSRGSGRCIQMWFDPAQGNPNEEVARFYA,0.64,folate receptor gamma [Equus caballus] >ref|XP_008515827.1| PREDICTED: folate receptor gamma-like [Equus przewalskii],Equus przewalskii
LLNVCMDAKHHKQKPGPEDTLHEQCSPWKENSCCFLNTSQEAHKDISYLYGFNWDHCGTMEAVCKRHFIQDTCLYECSPNLGPWIQQVDQSWRKERILDVPLCKEDCQRWWEDCRTSYTCKTNWHKGWNWTSGFNQCPVEAACHPFDFYFPTPEALCNEIWSHSYKVSNYSRGSGRCIQMWFDPAQGNPNEEVARFYA,0.63,folate receptor alpha isoform X2 [Equus caballus] >ref|XP_008515826.1| PREDICTED: folate receptor alpha isoform X2 [Equus przewalskii] >ref|XP_023501587.1| folate receptor alpha isoform X2 [Equus caballus],Equus przewalskii
LLNVCMDAKHHKQKPGPEDTLHEQQLPCEKCSSLCLQSLEKCLLRCSPWKENSCCFLNTSQEAHKDISYLYGFNWDHCGTMEAVCKRHFIQDTCLYECSPNLGPWIQQVDQSWRKERILDVPLCKEDCQRWWEDCRTSYTCKTNWHKGWNWTSGFNQCPVEAACHPFDFYFPTPEALCNEIWSHSYKVSNYSRGSGRCIQMWFDPAQGNPNEEVARFYA,0.57,PREDICTED: folate receptor alpha isoform X1 [Equus przewalskii] >ref|XP_008515824.1| PREDICTED: folate receptor alpha isoform X1 [Equus przewalskii] >ref|XP_008515825.1| PREDICTED: folate receptor alpha isoform X1 [Equus przewalskii] >ref|XP_023501582.1| folate receptor alpha isoform X1 [Equus caballus] >ref|XP_023501583.1| folate receptor alpha isoform X1 [Equus caballus] >ref|XP_023501584.1| folate receptor alpha isoform X1 [Equus caballus] >ref|XP_023501586.1| folate receptor alpha isoform X1 [Equus caballus],Equus przewalskii
LNVCMDAKHHKQKPGPEDTLHEQCNPWKENSCCSLTTSQEAHKDISHLYRFNWDHCGRMEAIRKRHFIQDTCLCECSPNLGPWIQQVDQSWSKERILDVPLCKEDCPCRWEDCHPSYTCKTNWHKGWNCTSGFNQCPVEAACRPFDFYFPTPEALCNEIWSHSYKVSNYSRGSGRCIQMWFDLAQGNPNEEVARFYA,0.58,folate receptor alpha-like [Equus caballus] >ref|XP_008524517.1| PREDICTED: folate receptor alpha-like [Equus przewalskii],Equus przewalskii
GAELLNVCMDAKHHKEKPSPEEELPEQCSPWKKNSCCSVSTSQEAHKDVSYLYRFNWDHCGPMEPACKRHFIQDTCLYECSPNLGPWIRQVNQSWRKERVLNVPLCKEDCESWWEDCRTSYTCKSNWHKGWNWTSGFNQCPVKDSCHPFHFYFPTPAALCNEIWSHSYEVSNYSRGSGRCIQMWFDPAQGNPNEEVARFYAA,0.6,folate receptor alpha-like isoform X2 [Pteronotus mesoamericanus],Pteronotus mesoamericanus
LLNVCMDAKHHKAKPGPEDKLHDQCSPWKKNACCSVSTSQELHKDTSLLYNFNWDHCGKMEPACKRHFIQDTCLYECSPNLGPWIQQVNQSWRKERFLNVPLCPEDCQSWWEDCRTSYTCKTNWHKGWNWTSGSNKCPEEAVCRTFESYFPTPVALCEGIWSHSYKVSNYGQGSGRCIQMWFDPAQGNPNEEVAMFYAS,0.6,folate receptor beta [Pteronotus mesoamericanus] >ref|XP_054432106.1| folate receptor beta [Pteronotus mesoamericanus] >ref|XP_054432107.1| folate receptor beta [Pteronotus mesoamericanus] >ref|XP_054432108.1| folate receptor beta [Pteronotus mesoamericanus] >ref|XP_054432109.1| folate receptor beta [Pteronotus mesoamericanus] >ref|XP_054432110.1| folate receptor beta [Pteronotus mesoamericanus] >ref|XP_054432111.1| folate receptor beta [Pteronotus mesoamericanus] >ref|XP_054432112.1| folate receptor beta [Pteronotus mesoamericanus],Pteronotus mesoamericanus
LLNICTDAKYHEKKPGPEDKLRGQCSPWKKGSQCSPCCSVSTSQEAHKDVSYLYRFNWDHCGPMEPTCKRHFIQDTCLYECSPNLGPWIRQVNQSWRKERVLNVPLCKEDCESWWEDCRTSYTCKSNWHKGWNWTSGFNQCPVKDSCHPFHFYFPTPAALCNEIWSHSYEVSNYSRGSGRCIQMWFDPAQGNPNEEVARFYAA,0.56,LOW QUALITY PROTEIN: folate receptor alpha-like [Pteronotus mesoamericanus],Pteronotus mesoamericanus
ELLNVCMDAKHHKEKPSPEDELHKQCSPWKKNSCCSANTSREAHKDISYLYRFNWDHCGQMAPACKQHFIQDTCLYECSPNLGPWIQQVNQSWRKERILNVPLCKEDCQQWWEDCRTSYTCKSNWHKGWNWSSGYNQCPVGADCHPFHSYFPTPAALCSEIWSHSYQLSNDSRGSGRCIQMWFDPAQGNPNEEVARFYA,0.61,folate receptor alpha-like [Hyaena hyaena],Hyaena hyaena
LLNVCMDAKHHKTKPGPEDKLHDQCTPWKKNACCSLNTSQELHQDPSLLYNFNLDHCGKMEPSCRRHFVQDNCLYECSPNLGPWIQEVKQSWRKERFLDVPLCKEDCQQWWEDCRTSHTCKNNWHRGWNWSSGFNKCPAGATCRTFESYFPSPAALCEGIWSHSYKLSNYSRGSGRCIQMWFDPAQGNPNEEVARFYA,0.62,folate receptor beta [Hyaena hyaena] >ref|XP_039107977.1| folate receptor beta [Hyaena hyaena],Hyaena hyaena
LLNVCMDAKHHKTKLGPKDKLHDQELHQDPSLLYNFNLDHCGKMEPACRRHFVQDNCLYECSPNLGPWIQEVKQSWRKERFLDVPLCKEDFQQWWEDCRTSHTCKNNWHRGWNWSSGFNKCPAGATCRTFESYFPSPAALCEGIWSHSYKLSNYSRGSGRCIQMWFDPAQGNPNEEVARFYA,0.56,folate receptor beta-like [Hyaena hyaena],Hyaena hyaena
MVPACKQHFIQDTCLYECSPNLGPWIQQVNQSWRKERILNVPLCKEDCQQWWEDCRTSYTCKSNWHKGWNWSSGYNQCPVGADCHPFHSYFPTPAALCSEIWSHSYQLSNDSRGSGRCIQMWLDPAQGNPNEEVARFYA,0.62,folate receptor alpha-like [Hyaena hyaena],Hyaena hyaena
PDLLNICMDAKHHKTKPGPEDGLHEQCSPWEMNACCSVNTSQEAHNDISYLYKFNWEHCGKMKPACKRHFIQDTCLYECSPNLGPWIQEVNQKWRRERILNVPLCKEDCQNWWEDCRTSYTCKSNWHEGWNWSSGYNRCPANAACHPFDFYFPTPAALCSQIWSNSYKQSNYSRGSGRCIQMWFDPEQGNPNEVVARYYA,0.6,folate receptor alpha precursor [Sus scrofa] >ref|XP_013854644.1| folate receptor alpha isoform X1 [Sus scrofa] >gb|AAD33741.1| membrane-bound folate binding protein [Sus scrofa],Sus scrofa
DMLNVCMDAKHHKPKPSPEDKLHDQCSPWRKNSCCSVNTSLEAHKDISYLYRFNWDHCGKMEPACKRHFIQDTCLYECSPNLGPWIQEVNQKWRRERILNVPLCKEDCQIWWEDCRTSYTCKSNWHKGWNWTSGYNQCPVSAACHRFDFYFPTPAALCNEIWSHSFEVSSYSRGSGRCIQMWFDPAQGNPNEAVARYYA,0.58,folate receptor 1 isoform X2 [Sus scrofa],Sus scrofa
DLLNVCMDAKHHKVEPGPEDELHDQCVPWKKNACCSARVSHELHRDKSSLYNFSWEHCGRMEPACKRHFIQNNCLYECSPNLGPWFQEVNQKWRKERFLNVPLCKEDCLDWWEDCRTSYTCKSSWHKGWNWSSGSNQCPTGTTCDTFESFFPTPAALCEGIWNHDYKFTNYSRGSGRCIQMWFDAAEGNPNEEVARFYA,0.55,folate receptor 2 precursor [Sus scrofa] >ref|XP_005653707.1| folate receptor 2 isoform X1 [Sus scrofa] >ref|XP_005653708.1| folate receptor 2 isoform X1 [Sus scrofa] >ref|XP_005653709.1| folate receptor 2 isoform X1 [Sus scrofa] >ref|XP_005653710.1| folate receptor 2 isoform X1 [Sus scrofa] >ref|XP_005653711.1| folate receptor 2 isoform X1 [Sus scrofa] >ref|XP_020957836.1| folate receptor 2 isoform X1 [Sus scrofa] >gb|AAB49703.1| folate binding protein [Sus scrofa],Sus scrofa
DMLNVCMDAKHHKPKPSPEDKLHDQCSPWRKNSCCSVNTSLEAHKDISYLYRFNWDHCGKMEPACKRHFIQDTCLYECSPNLGPWIQEPR,0.6,folate receptor 1 isoform X1 [Sus scrofa],Sus scrofa
LLNVCMDAKHHKTKPGPKDKLHDQVRMENACCSLNTCQELHQDPSLLYNFNLDHCSKMEPTCRRHFVQDNCLYECSPNLGPWIQEVKQSWRKERFLDVPLCKEDCQQWWEDCRTSHTCKNNWHRGWNWSSGFNKCPAGATCRTFESYFPSPAALCEGIWSHSYKLSNYSRGSGRCIQMWFDPAQGNPNEEVARFYA,0.6,FOLR2 protein_ partial [Crocuta crocuta],Crocuta crocuta
PDLLNICMDAKHHKTKPGPEDGLHEQCSPWEMNACCSVNTSQEAHNDISYLYKFNWEHCGKMKPACKRHFIQDTCLYECSPNLGPWIQQANQKWRRERILNVPLCKEDCQNWWEDCRTSYTCKSNWHEGWNWSSGYNRCPANAVCRPFDFYFPTPAALCSQIWSNSYKQTNYSRGSGRCIQMWFDPEQGNPNEVVARYYA,0.59,folate receptor alpha-like [Phacochoerus africanus],Phacochoerus africanus
DMLNVCMDAKHHKPKPSPEDKLHDQCSPWRKNSCCSVNTSLEAHKDISYLYRFNWDHCGKMEPACKRHFIQDTCLYECSPNLGPWIQEVNQKWRRERILNVPLCKEDCQIWWEDCRTSYTCKSNWHKGWNWTSGYNQCPVSAACHRFDFYFPTPAALCNEIWSHSFEVSSYSRGSGRCIQMWFDPAQGNPNEAVARYYA,0.58,folate receptor alpha-like isoform X2 [Phacochoerus africanus],Phacochoerus africanus
DLLNVCMDAKHHKVEPGPEDELHDQCVPWKKNACCSARVSHELHRDKSSLYNFSWEHCGRMEPACKRHFIQNNCLYECSPNLGPWFQEVNQKWRKERFLNVPLCKEDCLDWWEDCRTSYTCKSSWHKGWNWSSGSNQCPTGTTCDTFESFFPTPAALCEGIWNHDYKFTNYSRGSGRCIQMWFDSAEGNPNEEVARFYA,0.55,folate receptor beta-like isoform X2 [Phacochoerus africanus],Phacochoerus africanus
DLLNVCMNAKHHKTKPGPEDKLHDQCSPWKKNACCSVNTSQEAHKDISYLYRFNWDHCGKMEPACKRHFIQDTCLYECSPNLGPWIQEVNQSWRKERVLNVPLCKEDCQIWWEDCRTSYTCKTNWHKGWNWTSGYNQCPVRAACHRFDFYFPTPAALCNEIWSHSYKVSNYGRGSGRCIQMWFDPAQGNPNEEVARLYA,0.6,folate receptor alpha [Eubalaena glacialis],Eubalaena glacialis
DLFNVCMDAKHHKIKPGPEDKLHDQCIPWKKNACCSAKVSQELHRETSSLYNFNWDHCGKMEPACKRHFIQDNCLYECSPNLGPWIQEVNQSWRKERFLNVPLCKEDCQSWWEDCRTSYTCKTNWHKGWNWTSGSNKCPTGTTCGTFEFYFPTPAALCEGLWSHSYKLSNYSRGSGRCIQMWFDPAQGNPNEEVARFYA,0.56,folate receptor beta [Eubalaena glacialis],Eubalaena glacialis
LNICMNAKHHKEKPGPEDKLHEQCSPWRKKACCSVNTSLEAHKDISYLYRFNWDHCGKMEPSCKRHFIQDTCLYECSPNLGPWIQEVNQSWRKERILNVPLCKEDCETWWNDCRTSYTCKTNWHKGWNWSSGYNQCPVDAVCHRFDFYFPTPADLCNEIWSHSYKVSNYSRGSGRCIQMWFDPASGNPNEEVARFYAA,0.6,folate receptor alpha [Camelus dromedarius] >ref|XP_031316105.2| folate receptor alpha [Camelus dromedarius] >gb|KAB1272525.1| Folate receptor alpha [Camelus dromedarius],Camelus dromedarius
LNVCMNAKHHKPKPGPEEELYGQCSPWRKNSCCSVNTSLEAHKDISYLYRFNWDHCGKMEPSCKRHFIQDTCLYECSPNLGPWIQEVNQSWRKERILNVPLCKEDCETWWNDCRTSYTCKTNWHKGWNWTSGYNQCPVKAACHRFDFYFPTPADLCNEIWSHSFKVSNYGRGSGRCIQMWFDSNQGNPNEEVARFYAA,0.59,folate receptor alpha [Camelus dromedarius] >ref|XP_031316111.1| folate receptor alpha [Camelus dromedarius] >gb|KAB1272523.1| Folate receptor alpha [Camelus dromedarius] >gb|KAB1272524.1| Folate receptor alpha [Camelus dromedarius],Camelus dromedarius
LNVCMDAKHHKVKPGPEDKLHDQCIPWKKNACCTASVSQELHKDISLLYNFNLDHCGKMEPTCKRHFIQDNCLYECSPNLGPWIQEVNQSWRKERFLNVPLCKEDCESWWEDCRTSYTCKTNWQKGWNWTSGSNRCPAGATCSTFESYFPTPTALCEGVWSHSYKVSNYSRGSGRCIQMWFDTAQGNPNEEVARFYA,0.6,folate receptor beta isoform X3 [Camelus ferus] >ref|XP_010971378.1| folate receptor beta isoform X3 [Camelus bactrianus] >ref|XP_010971379.1| folate receptor beta isoform X3 [Camelus bactrianus] >ref|XP_010971380.1| folate receptor beta isoform X3 [Camelus bactrianus] >ref|XP_010987429.1| folate receptor beta-like [Camelus dromedarius] >ref|XP_010987436.1| folate receptor beta-like [Camelus dromedarius] >ref|XP_032345140.1| folate receptor beta isoform X3 [Camelus ferus] >ref|XP_032345141.1| folate receptor beta isoform X3 [Camelus ferus] >ref|XP_032345142.1| folate receptor beta isoform X3 [Camelus ferus] >gb|KAB1272526.1| Folate receptor beta [Camelus dromedarius],Camelus dromedarius
DLLNVCMNAKHHKTKPGPEDKLHDQCSPWKKNACCSVNTSQEAHKDISYLYRFNWDHCGKMEPACKRHFIQDTCLYECSPNLGPWIQEVNQSWRKERVLNVPLCKEDCQIWWEDCRTSYTCKTNWHKGWNWTSGYNQCPVRAACHRFDFYFPTPAALCNEIWSHSFKVSNYGRGSGRCIQMWFDPAQGNPNEGVAKFYA,0.6,folate receptor alpha [Balaenoptera acutorostrata],Balaenoptera acutorostrata
DLFNVCMDAKHHKIKPGPEDKLHDQCIPWKKNACCSAKVSQELHRDTSSLYNFNWDHCGKMEPACKRHFIQDNCLYECSPNLGPWIQEVNQSWRKERFLNVPLCKEDCQSWWEDCRTSYTCKTNWQKGWNWTSGSNKCPTGTTCGTFEFYFPTPAALCEGLWSHSYKLSNYSRGSGRCIQMWFDPAQGNPNEEVARFYA,0.57,folate receptor beta [Balaenoptera acutorostrata] >ref|XP_036715044.1| folate receptor beta [Balaenoptera musculus],Balaenoptera acutorostrata
LNVCMDAKHHKEKPSPEDELHEQCSPWKKNACCSVNTSQEAHKDVSYLYRFNWDHCGPMAPTCKRHFIQDTCLYECSPNLGPWIQQVDQSWRKERILNVPLCREDCESWWEDCRTSYTCKSNWHEGWNWTSGSNQCPVKAACRPFNFYFPTPAALCNEIWSHSYEVSNYSRGSGRCIQMWFDPEQGNPNEEVARFYA,0.6,folate receptor alpha-like [Saccopteryx bilineata] >ref|XP_066106705.1| folate receptor alpha-like [Saccopteryx bilineata],Saccopteryx bilineata
LNVCMDAKHHKAEPGPEDKLHDQCSPWRKNACCSVSTSQELHKDTSLLYNFNWDHCGPMKPACKRHFIQDTCLYECSPNLGPWIQQVDQSWRKERFLNVPLCREDCESWWEDCRTSYTCKSNWQKGWNWTSGSNKCPAGAVCRTFESYFPTPTALCEGLWSHSYKVSNYSKGSGRCIQMWFDPAQGNPNEEVARFYA,0.59,folate receptor beta-like [Saccopteryx bilineata] >ref|XP_066106703.1| folate receptor beta-like [Saccopteryx bilineata],Saccopteryx bilineata
MAPTCKRHFIQDTCLYECSPNLGPWIQQVDQSWRKERILNVPLCREDCESWWEDCRTSYTCKSNWHEGWNWTSGSNQCPVKAACRPFNFYFPTPAALCNEIWSHSYEVSNYSRGSGRCIQMWFDPEQGNPNEEVAKFYA,0.6,folate receptor alpha-like [Saccopteryx bilineata],Saccopteryx bilineata
DRLNVCMDAKHHKTKPGPEDKLHDQCSPWKKNACCSVNTSQEAHKDISYLYRFNWDHCGKMKPACKHHFIQDTCLYECSPNLGPWIQEVNQSWRKERFLNVPLCKEDCQIWWEDCRTSYTCKTNWHKGWNWTSGYNQCPVRAACHRFDFYFPTPAALCNEIWSHSYKVSNYGRGSGRCIQMWFDPAQGNPNEEVARFYA,0.59,folate receptor alpha isoform X2 [Orcinus orca],Orcinus orca
DLLNVCMDAKHHKVKPGPEDKLHDQCIPWKKNACCSAKVSQELHRDTSSLYNFNWEHCGKMKPACKRHFIQDNCLYECSPNLGPWIQEVNQSWRKERFLNVPLCKEDCQSWWEDCRTSYTCKADWHKGWNWTSGSNKCPTGTTCGTFEFYFPTPAALCEGLWSNSYKLSNYSRGSGRCIQMWFDPAQGNPNEEVARFYA,0.58,folate receptor beta [Orcinus orca] >ref|XP_059873257.1| folate receptor beta [Delphinus delphis] >ref|XP_067607907.1| folate receptor beta-like [Pseudorca crassidens] >ref|XP_067607908.1| folate receptor beta-like [Pseudorca crassidens] >gb|TEA38648.1| hypothetical protein DBR06_SOUSAS36010004 [Sousa chinensis],Orcinus orca
ELLSVCMDAKHHKEKPSPEDQLHKQCSPWKKNSCCFANTSQEAHKDISYLYKFNWDHCGHMTPSCKRHFIQDTCLYECSPNLGPWIQEVNQSWRKERILDVPLCKEDCQQWWEDCRTSYTCKSNWHRGWNWTSGYNQCPAGAACLPFHFYFPTSAALCREIWSHSYKLSNYSRGSGRCIQMWFDPAQGNPNEEVARFYA,0.59,folate receptor alpha-like isoform X2 [Mirounga angustirostris],Mirounga angustirostris
DLLNVCMDAKHHKTKPGPEDKLHDQCTPWKEKACCSASTSQELHKNISLLYNFTVDHCGKMEPACKRHFIQDNCLYECSPNLGPWIQEVNQSWRKERFLHVPLCKEDCQRWWEDCRTSYTCKSNWQRGWNWTSGINQCPTGTTCRTFETYFPTPAALCEGLWSHSYKLSNYSRGSGRCIQMWFDPAQGNPNEEVARFYA,0.57,folate receptor beta [Mirounga angustirostris],Mirounga angustirostris
QCSPWKKNSCCFANTSQEAHKDISYLYKFNWDHCGHMTPSCKRHFIQDTCLYECSPNLGPWIQEVNQSWRKERILDVPLCKEDCQQWWEDCRTSYTCKSNWHRGWNWTSGYNQCPAGAACLPFHFYFPTSAALCREIWSHSYKLSNYSRGSGRCIQMWFDPAQGNPNEEVARFYA,0.59,folate receptor alpha-like isoform X1 [Mirounga angustirostris],Mirounga angustirostris
DLLNVCMDAKHHKTKPGPEDKLHDQCSPWKKNACCSLNTSQEAHKDISYLYRFNWDHCGKMEPACKRHFIQDNCLYECSPNLGPWIQEVNQSWRKERVLNVPLCKEDCQIWWEDCRTSYTCKTNWHKGWNWTSGYNQCPVRAACHRFDFYFPTPAALCNEIWSHSYKVSNYGRGSGRCIQMWFDPAQGNPNEEVARFYA,0.59,folate receptor gamma [Kogia breviceps],Kogia breviceps
DLLNVCMDAKHHKIKPGPEDKLHDQCIPWKKNACCSAKVSQELHRDTSSLYNFNWDHCGKMEPACKRHFIQDNCLYECSPNLGPWIQEVNESWRKERLLNVPLCKEDCQIWWEDCRTSYTCKTNWHKGWNWTSGSNKCPTGTTCGTFEFYFPTPAALCEGLWSHSYKLSNYSRGSGRCIQMWFNPAQGNPNEEVARFYA,0.57,folate receptor beta isoform X2 [Kogia breviceps] >ref|XP_066894915.1| folate receptor beta isoform X2 [Kogia breviceps] >ref|XP_066894917.1| folate receptor beta isoform X2 [Kogia breviceps],Kogia breviceps
LLNVCMDAKHHKTKPGPEDKLHDQCSPWRKNACCSVNTSQELHKDTSRLYNFNWDHCGKMEPACKRHFIQDTCLYECSPNLGPWIQQVDQSWRKERFLDVPLCKDDCQQWWEACRTSYTCKSNWHKGWDWSSGVNKCPAGTTCRTFESYFPTPAALCEGLWSHSYKVSNYSQGSGRCIQMWFDPAQGNPNEEVAKFYA,0.58,folate receptor beta [Otolemur garnettii],Otolemur garnettii
ELLNVCMDAKHHKEKPGPEDNLHRQCSPWKKNACCSVNTSQEAHKDNSYLYNFNWDHCGMMQPICKQHFIQDTCLYECSPNLGPWIQQVDQSWRKERVLNVPLCKEDCEHWWEDCRTSYTCKSNWHKGWNWTSGTNHCPVKTTCRPFHIVFPTPAALCNEIWSHSYEVSNYSRGSGRCIQMWFDPNQDNPNEKVARFYAA,0.58,folate receptor alpha [Otolemur garnettii],Otolemur garnettii
DLLSVRMDAKHHKTKPSAEDDFYGQCSPXRKNACCLVSTRQELHKDTSHLXNFNWVHCSKMEPARKLADNCLYECSPNLGPWMQQLNXSWHGWRREWVLNVPLCKEDXERWWEDCRTSYTCKSNWHKGWNCSSG,0.47,LOW QUALITY PROTEIN: folate receptor gamma [Otolemur garnettii],Otolemur garnettii
DLLNVCMDAKHHKTKPGPEDKLHDQCSPWKKNACCSVNTSQEAHKDISYLYRFNWDHCGKMKPACKRHFIQDTCLYECSPNLGPWIQEVNQSWRKERFLNVPLCKEDCQIWWEDCRTSYTCKTNWHKGWNWTSGYNQCPVRAACHRFDFYFPTPAALCNEIWSHSYKVSNYGRGSGRCIQMWFDPAQGNPNEEVARFYA,0.59,folate receptor alpha-like [Lagenorhynchus obliquidens],Lagenorhynchus obliquidens
DLLNVCMDAKHHKVKPGPEDKLHDQCIPWKKNACCSAKVSQELHRDTSSLYNFNWEHCGKMKPACKRHFIQDNCLYECSPNLGPWIQEVNQSWRKERFLNVPLCKEDCQSWWEDCRTSYTCKADWHKGWNWTSGSNKCPTGTTCGTFEFYFPTPAALCEGLWSNSYKLSNYSRGSGRCIQMWFDPAQGNPNEEVARFYA,0.58,folate receptor beta-like [Lagenorhynchus obliquidens],Lagenorhynchus obliquidens
CSPWKKNACCSVNTSQEAHKDISYLYRFNWDHCGKMKPACKHHFIQDTCLYECSPNLGPWIQEVNQSWRKERFLNVPLCKEDCQIWWEDCRTSYTCKTNWHKGWNWT,0.59,folate receptor alpha_ partial [Lagenorhynchus obliquidens] >ref|XP_026956280.1| folate receptor alpha_ partial [Lagenorhynchus obliquidens],Lagenorhynchus obliquidens
WNWTSGYNQCPVRAACHRFDFYFPTPAALCNEIWSHSYKVSNYGRGSGRCIQMWFDPAQGNPNEEVARFYA,0.58,folate receptor alpha-like_ partial [Lagenorhynchus obliquidens] >ref|XP_026956125.1| folate receptor alpha-like_ partial [Lagenorhynchus obliquidens],Lagenorhynchus obliquidens
GDRTDLLNVCMDAKHHKTKPGPEDKLHGQCTPWRKNVCCSASTSQELHKDTSLLYNFNWDHCGKMEPSCKRHFIQDTCLYECSPNLGPWIQEVNQSWRKERILNVPLCKEDCESWWEDCRTSSTCKSNWHKGWNWTSGINECPVKNACHRFDFYFPTPAALCNEIWSHSFKVSNYSRGSGRCIQMWFDPAQGNPNEEVARFYAEA,0.56,folate receptor beta isoform X2 [Pipistrellus kuhlii],Pipistrellus kuhlii
LNVCMNARHHKEKPGREDKLHEQCSPWKKNACCSVNTSLEAHRDVSLLYNFNWDHCGPMAPACKRHFIQDTCLYECSPNLGPWIQEVNQSWRKERILNVPLCKEDCESWWEDCRTSSTCKSNWHKGWNWTSGINECPVKNACHRFDFYFPTPAALCNEIWSHSFKVSNYSRGSGRCIQMWFDPAQGNPNEEVARFYAEA,0.57,folate receptor alpha isoform X3 [Pipistrellus kuhlii] >gb|KAF6342852.1| folate receptor alpha [Pipistrellus kuhlii],Pipistrellus kuhlii
LNVCMYGKHQKKEPSPENKLHDQCSPWKKNACCSVNTSLEAHRDVSLLYNFNWEHCGPMTPACKRNFIQDTCLYECSPNLGPWIKKVNQSWRKERILNVPLCKEDCESWWEDCRTSSTCKSNWHKGWDWTSGINECPVKNACHRFDFYFPTPAALCNEIWSHSFKVSNYSRGSGRCIQMWFDPAQGNPNEEVARFYAEA,0.57,folate receptor alpha-like [Pipistrellus kuhlii] >ref|XP_045433743.1| folate receptor alpha-like [Pipistrellus kuhlii],Pipistrellus kuhlii
LNVCMDAKHHKTKPGPEDKLHGQCTPWRKNACCSASTSQELHKDTSLLYNFNWDHCGKMEPACKRHFIQDTCLYECSPNLGPWIQEVNQSWRRERFLNVPLCKQDCESWWEACRTSYTCKSDWHKGWNWTSGSNKCPAGAVCRTFESYFPTPAALCEGLWSHSYQVSQYSRGSGRCIQMWFEPAQGNPNEEVARFYA,0.55,folate receptor beta [Pipistrellus kuhlii] >ref|XP_036283900.1| folate receptor beta [Pipistrellus kuhlii] >ref|XP_045433741.1| folate receptor beta [Pipistrellus kuhlii] >gb|KAF6342853.1| hypothetical protein mPipKuh1_005170 [Pipistrellus kuhlii],Pipistrellus kuhlii
GDRTDLLNVCMDAKHHKTKPGPEDKLHGQCTPWRKNVCCSASTSQELHKDTSLLYNFNWDHCGKMEPSCKRHFIQDTCLYECSPNLGDLTSVQLGPSVAHSYFPTPAALCEGLWSHSYQVSQYSRGSGRCIQMWFEPAQGNPNEEVARFYA,0.35,folate receptor beta [Pipistrellus kuhlii],Pipistrellus kuhlii
DLLNVCMDAKHHKTKPGPEDKLHDQCSPWKKNACCSVNTSQEAHKDISYLYRFNWDHCGKMEPACKRHFIQDTCLYECSPNLGPWIQEVNQSWRKERVLNVPLCKEDCQIWWEDCRTSYTCKTNWHKGWNWTSGYNQCPVRAACHRFDFYFPTPADLCNEIWSHSYKVSNYGRGSGRCIQMWFDPAQGNPNEEVARFYA,0.6,PREDICTED: folate receptor alpha-like isoform X1 [Lipotes vexillifer] >ref|XP_007463081.1| PREDICTED: folate receptor alpha-like isoform X2 [Lipotes vexillifer] >ref|XP_007463082.1| PREDICTED: folate receptor alpha-like isoform X3 [Lipotes vexillifer],Lipotes vexillifer
DLLNVCMDAKHHKIKPGPEDKLHDQCIPWKKNACCSAKVSQELHRDTSSLYNFNWEHCGKMKPACKRHFIQDNCLYECSPNLGPWIQEVNQSWRKERFLNVPLCKEDCQNWWEDCRTSYTCKTNWHKGWNWTSGSNKCPTGATCGTFEFYFPTPAALCEGLWSNSYKLSNYSRGSGRCIQMWFDPAQGNPNEEVARFYA,0.59,PREDICTED: folate receptor beta [Lipotes vexillifer],Lipotes vexillifer
ELLNVCMNAKHHKEKPGPEDKLHEQCSPWKKNACCSTNTSQEAHKDISYLYRFNWDHCGKMEPSCKRHFIQDTCLYECSPNLGPWIQEVNQSWRKERVLNVPLCKEDCQSWWEDCRTSYTCKSNWHKGWNWTSGYNQCPVRAACHRFDFYFPTPAALCDEIWSHSYTVSNYGRGSGRCIQIWFDPAQGNPNEEVARFYA,0.61,folate receptor alpha-like [Mesoplodon densirostris],Mesoplodon densirostris
DLVNVCMNAKHHKTKPGPEDKLHDQCSPWKKNACCSVNTSQEAHKDISYLYRFNWDHCGKMEPVCKRHFIQDTCLYECSPNLGPWIQKVNQSWRKERVLNVPLCKEDCQSWWEDCRTSYTCKSNWHKGWNWTSGYNQCPVRAACHRFDFYFPTPAALCDEIWSHSYKVSNYGRGSGRCIQMWFDPAQCNPNEEVARFYA,0.59,folate receptor alpha [Mesoplodon densirostris],Mesoplodon densirostris
DLLNVCMVAKHHKIKPGPEDKLHDQCIPWKKNACCSAKVSQELHRDTSSLYNFNWDHCGKMEPACKRHFIQDNCLYECSPNLGPWIQEVNQSWRKERFLNVPLCKEDCQSWWEDCRTSYTCKSNWHKGWNWTSGSNKCPTGTTCGTFEFYFPTPAALCEGLWSHSYKLSNYSRGSGRCIQMWFDPAQGNPNEEVARFYA,0.58,folate receptor beta [Mesoplodon densirostris],Mesoplodon densirostris
LNVCMDAKHHKEKPGPEDNLHNQCSPWKKNSCCSTNTSQEAHKDISYLYRFNWDHCGKMTEDCKRHFIQDTCLYECSPNLGPWIQQVDQSWRKERILDVPLCKEDCQQWWEDCRTSFTCKSNWHKGWNWTSGYNQCPVGASCHLFNFYFPTPAALCEEIWSHSYKLSNYSRGSGRCIQMWFDPAQGNPNEEVARFYAEA,0.54,folate receptor alpha [Onychomys torridus] >ref|XP_036024315.1| folate receptor alpha [Onychomys torridus],Onychomys torridus
LSVCMDAKHHKTKPGPEDKLHDQCSPWKKNACCSVNTSQEIHKDNSRLYNFNWDHCGQMAPACKRHFIQDTCLYECSPNLGPWIQQVDQSWRKERFLDVPLCKEDCQQWWEACRTSSTCKTDWHKGWDWTSGINTCPDTAVCNTFXFXFPTPASLCEGLWSHSYKLSNYSRGSGRCIQMWFDSGQGNPNEEVAKFYAS,0.52,LOW QUALITY PROTEIN: folate receptor beta [Onychomys torridus],Onychomys torridus
LNTCMDAKHHKTRPGPEDKLHDQCRPWKENACCSVNTSQEIHKDNSRLYNFNWDHCGKMTPACKRHFIQDTCLYECSPNLGPWIQQVDQSWRKERFLGVPLCREDCQEWWEACRTSFTCKMDWHKGWDWTSGINKCPASAACLTFQQYFPTPASLCEGLWSHSYKVSNYSRGSRRCIQMWFDPAQGNPNEEVAAFYAS,0.58,folate receptor beta-like isoform X2 [Alexandromys fortis],Alexandromys fortis
LNTCMDAKHHKTRPGPEDKLHDQCRPWKENACCSVNTSQEIHKDNSRLYNFNWDHCGKMTPACKRHFIQDTCLYECSPNLGPWIQQVMGQEGALGLSFFTAIAANIPSTQVDQSWRKERFLGVPLCREDCQEWWEACRTSFTCKMDWHKGWDWTSGINKCPASAACLTFQQYFPTPASLCEGLWSHSYKVSNYSRGSRRCIQMWFDPAQGNPNEEVAAFYAS,0.54,folate receptor beta-like isoform X1 [Alexandromys fortis] >ref|XP_049978552.1| folate receptor beta-like isoform X1 [Alexandromys fortis],Alexandromys fortis
LNDCMDAKHHKEKPGPEDNLHNQCSPWKKNSCCTANTSQEAHKDISYLYRFNWDHCGKMPSKCKRHFIQDTCLYECSPNLGPWTQQVDQSWRKERILDVPLCREDCQQWWEDCRASLTCKSNWHKGWNWTSGYNQCPVGASCQPFTFYFPTPATLCEEIWSHSYKLSNYSRGSGRCIQMWFDPAQGNPNEEVARFYAEA,0.57,folate receptor alpha [Alexandromys fortis] >ref|XP_049978556.1| folate receptor alpha [Alexandromys fortis] >ref|XP_049978557.1| folate receptor alpha [Alexandromys fortis] >ref|XP_049978558.1| folate receptor alpha [Alexandromys fortis],Alexandromys fortis
CKRHFIQDTCLYECSPNLGPWTQQVDQSWRKERILDVPLCREDCQQWWEDCRASLTCKSNWHXGWNWTSGYNQCPVGVSCQPFTFYFPTPATLCEELWSHSYKLSNYSRGSGRCIQMWFDPAQGNPNEEVARFYAEA,0.56,LOW QUALITY PROTEIN: folate receptor alpha-like [Alexandromys fortis],Alexandromys fortis
DLLNVCMDAKHHKTRPGPEDKLHDQCSPWKKNACCSVNTSQEAHKDVSYLYRFNWDHCGKMEPACKRHFIQDTCLYECSPNLGPWIQEVNQTWRKERVLNVPLCKEDCEIWWEDCRTSYTCKTNWHKGWNWTAGYNQCPVKAACHRFDFYFPTPAALCNDIWSHSYEVSNYGRGSGRCIQMWFDPAQGNPNEEVARFYA,0.6,folate receptor alpha isoform X1 [Hippopotamus amphibius kiboko],Hippopotamus amphibius kiboko
ELLNVCMNAKHHKEKPGPEDKLHEQCSPWKKNACCSVNTSQEAHKDVSYLYRFNWDHCGKMEPACKRHFIQDTCLYECSPNLGPWIQEVNQGWRKERILNVPLCKEDCESWWEDCRTSYTCKTNWHKGWDWTAGYNQCPLRVACHRFDFYFPTPAALCNEIWTHSYKVSNYSRGSGRCIQMWFNAAQGNPNEEVAKFYAN,0.59,folate receptor alpha [Hippopotamus amphibius kiboko] >ref|XP_057603508.1| folate receptor alpha [Hippopotamus amphibius kiboko] >ref|XP_057603509.1| folate receptor alpha [Hippopotamus amphibius kiboko] >ref|XP_057603511.1| folate receptor alpha [Hippopotamus amphibius kiboko] >ref|XP_057603512.1| folate receptor alpha [Hippopotamus amphibius kiboko] >ref|XP_057603513.1| folate receptor alpha [Hippopotamus amphibius kiboko] >ref|XP_057603514.1| folate receptor alpha [Hippopotamus amphibius kiboko] >ref|XP_057603515.1| folate receptor alpha [Hippopotamus amphibius kiboko] >ref|XP_057603516.1| folate receptor alpha [Hippopotamus amphibius kiboko] >ref|XP_057603517.1| folate receptor alpha [Hippopotamus amphibius kiboko] >ref|XP_057603518.1| folate receptor alpha [Hippopotamus amphibius kiboko] >ref|XP_057603519.1| folate receptor alpha [Hippopotamus amphibius kiboko] >ref|XP_057603520.1| folate receptor alpha [Hippopotamus amphibius kiboko],Hippopotamus amphibius kiboko
DLLNVCMDAKHHKVKPGPEDKLHDQCIPWKKNACCSADVSQELHRDTSSLYNFTWDHCGKMEPACKRHFIQDNCLYECSPNLGPWIQEVNQSWRKERFLNVPLCKEDCQSWWEDCRTSHTCKTNWQKGWDWTSGSNKCPAGTTCNTFQFYFPTPAALCEGLWNHSYKLSNYGRGSGRCIQMWFDPTQGNPNEEVARFYA,0.56,folate receptor beta-like [Hippopotamus amphibius kiboko] >ref|XP_057603505.1| folate receptor beta-like [Hippopotamus amphibius kiboko] >ref|XP_057603506.1| folate receptor beta-like [Hippopotamus amphibius kiboko],Hippopotamus amphibius kiboko
LLNVCMDAKHHKAEPGPEDSLHEQCSPWRKNACCSVNTSIEAHKDISYLYRFNWDHCGKMEPACKRHFIQDTCLYECSPNLGPWIREVNQSWRKERILNVPLCKEDCQSWWEDCRTSYTCKSNWHRGWNWTSGSNKCPNGTTCRTFETYFPTPAALCEGLWSHSYKLSNYSRGSGRCIQMWFDPALGNPNEEVARFYA,0.58,unnamed protein product [Rangifer tarandus platyrhynchus],Rangifer tarandus platyrhynchus
DLLNVCMDAKHHKAEPGPEDKLHNQCTPWEKNACCSARVSQELHKDTSSLYNFTWDHCGKMEPACQRHFIQDNCLYECSPNLGPWIQEVNQKWRKERFLNVPLCKEDCQSWWEDCRTSYTCKSNWHRGWDWTSGSNKCPNGTTCRTFETYFPTPAALCEGLWSHSYKLSNYSRGSGRCIQMWFDPALGNPNEEVARFYA,0.58,unnamed protein product [Rangifer tarandus platyrhynchus],Rangifer tarandus platyrhynchus
LLNVCMDAKHHKAEPGPEDSLHEQCSPWKKNACCFVNTSTEAHKDISSLYRFDWDHCSKMEPACKRHFIQDTCLYECSPNLGPWIQEVNQSWRKERILNVPLCKEDCQSWWEDCRTSYTCKSNWHRGWNWTSGYNQCPVKVACHRFDFYFPTPAALCNEIWSHSYKASNYSRGSGRCIQMWFDPFQGNPNEEVARFYA,0.58,unnamed protein product [Rangifer tarandus platyrhynchus],Rangifer tarandus platyrhynchus
LNVCMNAKHHKEKPSPEDKLHEQCSPWKKNACCSVSTSQEAHKDVSYLYRFNWDHCGPLKPACKRHFIQDTCLYECSPNLGPWIQEVNQSWRKERILNVPLCKEDCESWWEDCRTSYTCKSNWHKGWNWTSGSNECPVKAACHRFDFYFPTPAALCNEIWSHSFKVSNYSRGSGRCIQMWFDPAQGNPNEEVARFYA,0.56,folate receptor alpha-like [Eptesicus fuscus],Eptesicus fuscus
LNVCMDAKHHKTKPGPEDKLHGQCTPWRKNACCSVSTSQELHKDTSLLYNFNWDHCGKMEPACKRHFIQDTCLYECSPNLGPWIQEVNQSWRRERFLNVPLCKEDCESWWEACRTSYTCKSDWHKGWNWTSGSNXCPAGAVCRTFESYFPTPAAMCEGLWSHSYQASQYSRGSGHCIQMWFEPAQGNPNEEVERFYA,0.55,LOW QUALITY PROTEIN: folate receptor beta [Eptesicus fuscus],Eptesicus fuscus
GHARLNVCVNAKPHKREPSPEDKLYEECRPWKDNACCTATTSWEAHLDVSLLYNFSLVHCGLLMPDCEKHFLQAICFYECSPNLGPWIQQVDPRGQGERILDVPLCWEDCEQWWADCRTSYTCKSNWHGSWTWSRGKHRCPEKAPCHPFLHYFPTPADLCEKIWSNSFKASPERRNSGRCLQKWFEPARGNPNAAVARLFAS,0.85,sperm-egg fusion protein Juno [Camelus dromedarius] >ref|XP_032346319.1| sperm-egg fusion protein Juno [Camelus ferus],Camelus ferus
LNVCMNAKHHKPKPGPEEELYGQCSPWRKNSCCSVNTSLEAHKDISYLYRFNWDHCGKMEPSCKRHFIQDTCLYECSPNLGPWIQEVNQSWRKERILNVPLCKEDCETWWNDCRTSYTCKTNWHKGWNWTSGYNQCPVKAACHRFDFYFPTPADLCNEIWSHSFKVSNYGRGSGRCIQMWFDSNQGNPNEEVARFYAA,0.51,folate receptor alpha-like [Camelus ferus] >ref|XP_032345158.1| folate receptor alpha-like [Camelus ferus],Camelus ferus
LNVCMDAKHHKVKPGPEDKLHDQCIPWKKNACCTASVSQELHKDISLLYNFNLDHCGKMEPTCKRHFIQDNCLYECSPNLGPWIQEVNQSWRKERFLNVPLCKEDCESWWEDCRTSYTCKTNWQKGWNWTSGSNRCPAGATCSTFESYFPTPTALCEGVWSHSYKVSNYSRGSGRCIQMWFDTAQGNPNEEVARFYA,0.52,folate receptor beta isoform X3 [Camelus ferus] >ref|XP_010971378.1| folate receptor beta isoform X3 [Camelus bactrianus] >ref|XP_010971379.1| folate receptor beta isoform X3 [Camelus bactrianus] >ref|XP_010971380.1| folate receptor beta isoform X3 [Camelus bactrianus] >ref|XP_010987429.1| folate receptor beta-like [Camelus dromedarius] >ref|XP_010987436.1| folate receptor beta-like [Camelus dromedarius] >ref|XP_032345140.1| folate receptor beta isoform X3 [Camelus ferus] >ref|XP_032345141.1| folate receptor beta isoform X3 [Camelus ferus] >ref|XP_032345142.1| folate receptor beta isoform X3 [Camelus ferus] >gb|KAB1272526.1| Folate receptor beta [Camelus dromedarius],Camelus ferus
LNICMNAKHHKEKPGPEDKLHEQCSPWRKKACCSVNTSLEAHKDISYLYRFNWDHCGKMEPSCKRHFIQDTCLYECSPNLGPWIQEVNQSWRKERILNVPLCKEDCETWWNDCRTSYTCKTNWHKGWNWSSGYNQCPVDAVCHRFDFYFPTPADLCNEIWSHSYK,0.51,folate receptor beta isoform X1 [Camelus ferus] >ref|XP_032345136.1| folate receptor beta isoform X1 [Camelus ferus] >ref|XP_032345137.1| folate receptor beta isoform X1 [Camelus ferus] >ref|XP_032345138.1| folate receptor beta isoform X1 [Camelus ferus] >ref|XP_045364735.1| folate receptor beta isoform X1 [Camelus bactrianus] >ref|XP_045364736.1| folate receptor beta isoform X1 [Camelus bactrianus],Camelus ferus
LNVCMDAKYHKTKPSPEDKLHGQCSPWKKNACCSVNTSQEAHKDVSYLYRFNWDHCGPMKPACKRHFIQDTCLYECSPNLGPWIQEVNQSWRRERILDVPLCKEDCESWWEDCRTSYTCKSNWHKGWNWTSGSNECPVKAACHRFDFYFPTPAALCNEIWSHSYKVSNYSRGSGRCIQMWFDPAQGNPNEEVARFYT,0.58,folate receptor gamma [Myotis myotis],Myotis myotis
LNVCMDAKHHKTKPGPEDKLHGQCTPWRKNACCSVSTSQELHKDTSLLYNFNWDHCGKMEPACKRHFIQDTCLYECSPNLGPWIQQVNDSWRRERFRNVPLCKEDCESWWEDCCTSYTCKSDWHKGWNWTSGSNKCPAEAVCRTFESYFPTPAALCEGLWSHSYRVSQYSRGSGRCIQMWFEPAQGNPNEEVARFYA,0.57,folate receptor beta-like [Myotis myotis] >ref|XP_036180998.1| folate receptor beta-like [Myotis myotis] >gb|KAF6324538.1| hypothetical protein mMyoMyo1_005257 [Myotis myotis],Myotis myotis
LNVCMDAKHHKTKPGPEDKLHGQCTPWRKNACCSVSTSQELHKDTSLLYNFNWDHCGKMEPACKRHFIQDTCLYECSPNLGPWIQQVNDSWRRERFRNVPLCKEDCESWWEDCRTSYTCKSDWHKGWNWTSGSNKCPAEAVCHTFESYFPTPVALCEGLWSHSYQVSQYSRGSGRCIQMWFEPAQGNPNEEVARFYA,0.57,folate receptor beta-like [Myotis daubentonii],Myotis daubentonii
LSVCMDAKYHKTKPSPEDKLHGQCSPWKKNACCSVNTSQEAHQEVSSLYRFNWDHCGPMQPACKRHFIQDTCLYECSPNLGPWIQEVDQSWRRERILDVPLCKEDCESWWEDCRTSYTCKSNWHKGWNXTSGSNECPVKAACHRFDFYFPTPAALCNEIWSHSYKVSNYSRGSGRCIQMWFDPAQGNPNEEVARFYA,0.57,LOW QUALITY PROTEIN: folate receptor alpha-like [Myotis daubentonii],Myotis daubentonii
LNTCMDAKHHKTRPGPEDKLHDQCSPWKENACCSVNTSQEIHKDNSRLYSFNWDHCGKMTPACKRHFIQDTCLYECSPNLGPWIQQVDQSWRKERFLDVPLCKEDCQEWWEACRTSFTCKTDWHKGWDWTSGVNKCPASAACRTFQHYFPTPASLCEGLWSHSYKVSNYSRGSGRCIQMWFDPAQGNPNEEVAAFYAS,0.55,folate receptor beta-like [Microtus oregoni],Microtus oregoni
LNVCMDAKHHKEKPGPEDNLHNQCSPWKKNSCCTANTSREAHRDISYLYRFNWDHCGKMPSKCKRHFIQDTCLYECSPNLGPWTQQVDQSWRKERILDVPLCRDDCQQWWEDCRASLTCKSNWHKGWNWTSGSNQCPVGASCQPFTFYFPTPAALCEEIWSHSYKLSNYSRGSGRCIQMWFDPAQGNPNEEVARFYAEA,0.55,folate receptor alpha [Microtus oregoni],Microtus oregoni
LNTCMDAKHHKTRPGPEDKLHDQCSPWKENACCSVNTSQEIHKDNSRLYSFNWDHCGKMSPACKRYFIQDTCLYECSPNLGPWIQQVDQSWRKERFLDVPLCKEDCQEWWEACRTSFTCKTDWHKGWDWTSGVNKCPASAACRIFQHYFPTPASLCEGLWSHSYKLSNYSRGSGRCIQMWFDPAQGNPNEEVAAFYAS,0.54,folate receptor beta [Microtus ochrogaster] >ref|XP_026645920.1| folate receptor beta [Microtus ochrogaster],Microtus ochrogaster
LNVCMDAKHHKEKPGPEDNLHNQCSPWKKNSCCTANTSREAHEDISYLYRFNWDHCGKMPSKCKRHFIQDTCLYECSPNLGPWTQQVDQSWRKERILDVPLCRDDCQQWWEDCRTSLTCKSNWHKGWNWTSGYNQCPVGASCQPFTFYFPTPATLCEEIWSHSYKLSNYSRGSGRCIQMWFDPAQGNPNEEVARFYAEA,0.54,folate receptor alpha [Microtus ochrogaster] >ref|XP_013209799.1| folate receptor alpha [Microtus ochrogaster],Microtus ochrogaster
LNTCMDAKHHKTRPGPEDKLHDQVLMSVVSSGRRKSRGGVNTSQEIHKDNSRLYSFNWDHCGKMSPACKRYFIQDTCLYECSPNLGPWIQQVDQSWRKERFLDVPLCKEDCQEWWEACRTSFTCKTDWHKGWDWTSGVNKCPASAACRIFQHYFPTPASLCEGLWSHSYKLSNYSRGSGRCIQMWFDPAQGNPNEEVAAFYAS,0.49,Folate receptor beta_ partial [Microtus ochrogaster],Microtus ochrogaster
LNVCMDAKHHKEKPGPEDNLHNQCSPWKKNSCCTANTSREAHEDISYLYRFNWDHCGKMPSKCKRHFIQDTCLYECSPNLGPWTQQVDQSWRKERILDVPLCRDDCQQWGGRVEARPRVRSKWAGGGGCTSGYNQCPVGASCQPFTFYFPTPATLCEEIWSHSYKLSNYSRGSGRCIQMWFDPAQGNPNEEVARFYAEA,0.49,Folate receptor alpha [Microtus ochrogaster],Microtus ochrogaster
LNVCMDAKHHKEKPSPEDELHEQCSPWKKNACCSVNTSQEAHKDVSYLYRFNWDHCGPMAPTCKRHFIQDTCLYECSPNLGPWIQQVDQSWRKERILNVPLCREDCESWWEDCRTSYTCKSNWHTGWNWTSGSNQCPVKAACRPFNFYFPTPAALCNEIWSHSYEVSNYSQGSGRCIQMWFDPEQGNPNEEVARFYA,0.57,folate receptor alpha-like isoform X1 [Saccopteryx leptura] >ref|XP_066223670.1| folate receptor alpha-like isoform X1 [Saccopteryx leptura],Saccopteryx leptura
LNVCMDAKHHKTEPGPEDKLHDQCSPWRKNACCSVSTSQELHKDTSLLYNFNWDHCGPMKPACKRHFIQDTCLYECSPNLGPWIQQVDQSWRKERFLNVPLCREDCESWWEDCRTSYTCKSNWQKGWNWTSGSNKCPAGAVCRTFESYFPTPTALCEGLWSHSYKVSNYSKGSGRCIQMWFDPAQGNPNEEVARFYA,0.57,folate receptor beta [Saccopteryx leptura] >ref|XP_066223654.1| folate receptor beta [Saccopteryx leptura],Saccopteryx leptura
CSPWKKNACCSVSTSQEAHKDVSYLYRFNWDHCGPMAPTCKRHFIQDTCLYECSPNLGPWIQQVDQSWRKERILNVPLCREDCESWWEDCRTSYTCKSNWHTGWNWTSGSNQCPVKAACHPFNFYFPTPAALCNEIWSHSYEVSNYSQGSGRCIQMWFDPEQGNPNEEVARFYA,0.56,folate receptor alpha-like [Saccopteryx leptura],Saccopteryx leptura
DLLNVCMDAKHHKAEPGPEDKLHNQCTPWKKNACCSARVSQELHKDTSSLYNFTWDHCGKMEPACQRHFIQDNCLYECSPNLGPWIQEVNQKWRKERFLNVPLCKEDCQSWWEDCRTSYTCKSNWHRGWDWTSGSNKCPNGTTCRTFETYFPTPAALCEGLWSHSYKLSNYSRGSGRCIQMWFDPALGNPNEEVARFYA,0.58,hypothetical protein FD754_017082 [Muntiacus muntjak],Muntiacus muntjak
NLLNVCMDAKHHKAEPGPEDSLHEQCSPWRKNACCSVNTSIEAHKDISYLYRFNWDHCGKMEPACKRHFIQDTCLYECSPNLGPWIREVNQSWRRERVLGVPLCKEDCQIWWEDCRTSYTCKSNWHKGWDWTSGYNQCPVKAACHRFDFYFPTPAALCNEIWSHSYKVSNYGRGSGRCIQMWFDPFQGNPNEEVARFYA,0.58,folate receptor alpha [Muntiacus reevesi] >ref|XP_065800408.1| folate receptor alpha [Muntiacus reevesi] >gb|KAB0352223.1| hypothetical protein FD754_017080 [Muntiacus muntjak] >gb|KAB0371324.1| hypothetical protein FD755_017733 [Muntiacus reevesi],Muntiacus muntjak
QLLNVCMNARYHKEKPSPEDKLHGQCSPWKKNACCFVNTSIEAHRDISGLYSFDWDHCSKMEPACKRHFIQDTCLYECSPNLGPWIQEVNQSWRKERILNVPLCKEDCQSWWEDCRTSYTCKSNWHRGWNWTSGYNQCPVKAACHRFDFYFPTPAALCNEIWSHSYKVSNYSRGSGRCIQMWFDPFQGNPNEQVARFYA,0.56,hypothetical protein FD754_017083 [Muntiacus muntjak],Muntiacus muntjak
DLLNVCMDAKHHKAEPGPEDKLHNQCTPWKKNACCSARVSQELHKDTSSLYNFTWDHCGKMEPACQRHFIQDNCLYECSPNLGPWIQEVNQKWRKERFLNVPLCKEDCQSWWEDCRTSYTCKSNWHRGWDWTSGSNKCPNGTTCRTFETYFPTPAALCEGLWSHSYKLSNYSRGSGRCIQMWFDPALGNPNEEVARFYA,0.58,folate receptor beta-like isoform X1 [Muntiacus reevesi] >ref|XP_065799850.1| folate receptor beta-like isoform X1 [Muntiacus reevesi],Muntiacus reevesi
NLLNVCMDAKHHKAEPGPEDSLHEQCSPWRKNACCSVNTSIEAHKDISYLYRFNWDHCGKMEPACKRHFIQDTCLYECSPNLGPWIREVNQSWRRERVLGVPLCKEDCQIWWEDCRTSYTCKSNWHKGWDWTSGYNQCPVKAACHRFDFYFPTPAALCNEIWSHSYKVSNYGRGSGRCIQMWFDPFQGNPNEEVARFYA,0.58,folate receptor alpha [Muntiacus reevesi] >ref|XP_065800408.1| folate receptor alpha [Muntiacus reevesi] >gb|KAB0352223.1| hypothetical protein FD754_017080 [Muntiacus muntjak] >gb|KAB0371324.1| hypothetical protein FD755_017733 [Muntiacus reevesi],Muntiacus reevesi
QLLNVCMNARYHKEKPGPEDKLHGQCSLWKKKACCFVNTSIEAHKDISSLYSFDWDHCSKMEPACKRHFIQDTCLYECSPNLGPWIQEVNQSWRKERILNVPLCKEDCQSWWEDCRTSYTCKSNWHRGWNWTSGYNQCPVKAACHRFDFYFPTPAALCNEIWSHSYKVSNYSRGSGRCIQMWFDPFQGNPNEQVARFYA,0.55,folate receptor alpha-like isoform X3 [Muntiacus reevesi] >gb|KAB0371323.1| hypothetical protein FD755_017732 [Muntiacus reevesi],Muntiacus reevesi
LNVCMDAKHHKEKPGPEDNLHNQCSPWKKNSCCTANTSREAHEDISYLYRFNWDHCGKMPSKCKRHFIQDTCLYECSPNLGPWTQQVDQSWRKERILDVPLCREDCQQWWEDCRTSLTCKSNWHKGWNWTSGYNQCPVGASCQPFTFYFPTPATLCEEIWSHSYKLSNYSRGSGRCIQMWFDPAQGNPNEEVARFYA,0.55,folate receptor alpha isoform X1 [Chionomys nivalis],Chionomys nivalis
LNTCMDAKHHKTRPGPEDKLHDQCSPWKRNACCSVNTSQEIHKDNSRLYSFNWDHCGKMTPACKRHFIQDTCLYECSPNLGPWIQQVDQSWRKERFLDVPLCKEDCQEWWEACRTSFTCKTDWHKGWDWTSGINECPASAACHTFQHYFPTPASLCEGLWSHSYKVSNYSRGSGRCIQMWLDPAQGNPNEEVAGFYA,0.55,folate receptor beta-like [Chionomys nivalis] >ref|XP_057635010.1| folate receptor beta-like [Chionomys nivalis],Chionomys nivalis
MDAKHHKAEPGPEDKLHNQCTPWKKNACCSARVSQELHKDTSSLYNFTWDHCGKMEPACQRHFIQDNCLYECSPNLGPWIQEVNQKWRKERFLNVPLCKEDCQSWWEDCRTSYTCKSNWHRGWDWTSGSNKCPTGTICRTFEAYFPTPAALCEGLWSHSYKLSNYSRGSGRCIQMWFDPALGNPNEEVARFYA,0.58,folate receptor beta isoform X3 [Bos taurus] >ref|XP_061236721.1| folate receptor beta-like isoform X2 [Bos javanicus],Bos javanicus
GTQLLNVCMNARYHKEKPGPEDKLHGQCSPWKKNACCFVNTSIEAHKDISSLYRFDWDHCGKMEPACKRHFIQDTCLYECSPNLGPWIREVNQSWRKERILNVPLCKEDCQSWWEDCRTSYTCKSNWHRGWDWTSGYNQCPVKAACHRFDFYFPTPAALCNEIWSHSYKASNYSRGSGRCIQMWFDPILDNPNEEVARFYA,0.57,folate receptor alpha-like isoform X1 [Bos javanicus] >ref|XP_061236710.1| folate receptor alpha-like isoform X1 [Bos javanicus] >ref|XP_061236711.1| folate receptor alpha-like isoform X1 [Bos javanicus] >ref|XP_061236712.1| folate receptor alpha-like isoform X1 [Bos javanicus] >ref|XP_061236713.1| folate receptor alpha-like isoform X1 [Bos javanicus],Bos javanicus
DLLNVCMDAKHHKAEPGPEDSLHEQCSPWRKNACCSVNTSIEAHKDISYLYRFNWDHCGKMEPACKRHFIQDTCLYECSPNLGPWIREVNQRWRKERVLGVPLCKEDCQSWWEDCRTSYTCKSNWHRGWNWTSGYNQCPVKAACHRFDFYFPTPAALCNEIWSHSYK,0.57,folate receptor alpha-like isoform X1 [Bos javanicus] >ref|XP_061236710.1| folate receptor alpha-like isoform X1 [Bos javanicus] >ref|XP_061236711.1| folate receptor alpha-like isoform X1 [Bos javanicus] >ref|XP_061236712.1| folate receptor alpha-like isoform X1 [Bos javanicus] >ref|XP_061236713.1| folate receptor alpha-like isoform X1 [Bos javanicus],Bos javanicus
DLLNVCMDAKHHKAEPGPEDKLHNQCTPWKKNACCSARVSQELHKDTSSLYNFTWDHCGKMEPACQRHFIQDNCLYECSPNLGPWIQEVNQKWRKERFLNVPLCKEDCQSWWEDCRTSYTCKSNWHRGWDWTSGSNKCPTGTICRTFEAYFPTPAALCEGLWSHSYKLSNYSRGSGRCIQMWFDPALGNPNEEVARFYA,0.59,folate receptor beta isoform X2 [Bos taurus],Bos taurus
DLLNVCMDAKHHKAEPGPEDSLHEQCSPWRKNACCSVNTSIEAHKDISYLYRFNWDHCGKMEPACKRHFIQDTCLYECSPNLGPWIREVNQRWRKERVLGVPLCKEDCQSWWEDCRTSYTCKSNWHKGWNWTSGYNQCPVKAACHRFDFYFPTPAALCNEIWSHSYKVSNYSRGSGRCIQMWFDPFQGNPNEEVARFYA,0.58,folate receptor alpha precursor [Bos taurus] >ref|NP_001193459.1| folate receptor alpha precursor [Bos taurus] >ref|NP_001265501.1| folate receptor alpha precursor [Bos taurus] >ref|NP_001265502.1| folate receptor alpha precursor [Bos taurus] >sp|P02702.3| RecName: Full=Folate receptor alpha; Short=FR-alpha; AltName: Full=Folate receptor 1; AltName: Full=Folate-binding protein 1; Short=FBP; AltName: Full=Milk folate-binding protein; Flags: Precursor [Bos taurus],Bos taurus
GTQLLNVCMNARYHKEKPGPEDKLHGQCSPWKKNACCFVNTSIEAHKDISSLYRFDWDHCGKMEPACKRHFIQDTCLYECSPNLGPWIREVNQSWRKERILNVPLCKEDCQSWWEDCRTSYTCKSNWHRGWDWTSGYNQCPVKAACHRFDFYFPTPAALCNEIWSHSYKASNYSRGSGRCIQMWFDPILDNPNEEVARFYA,0.57,TPA: folate receptor 1-like [Bos taurus],Bos taurus
DLLNVCMDAKHHKAEPGPEDSLHEQCSPWRKNACCSVNTSIEAHKDISYLYRFNWDHCGKMEPACKRHFIQDTCLYECSPNLGPWIREVNQRWRKERVLGVPLCKEDCQSWWEDCRTSYTCKSNWHKGWNWTSGYNQCPVKAACHRFDFYFPTPAALCNEIWSHSYK,0.57,TPA: folate receptor 1-like [Bos taurus],Bos taurus
DLLNVCMDAKHHKAEPGPEDKLHNQCTPWKKNACCSARVSQELHKDTSSLYNFTWDHCGKMEPACQRHFIQDNCLYECSPNLGPWIQEVNQKWRKERFLNVPLCKEDCQSWWEDCRTSYTCKSNWHRGWDWTSGSNKCPTGTICRTFEAYFPTPAALCEGLWSHSYKLSNYSRGSGRCIQMWFDPALGNPNEEVARFYA,0.59,PREDICTED: folate receptor beta isoform X1 [Bos mutus],Bos mutus
DLLNVCMDAKHHKAEPGPEDSLHEQCSPWRKNACCSVNTSIEAHKDISYLYRFNWDHCGKMEPACKRHFIQDTCLYECSPNLGPWIREVNQRWRKERVLGVPLCKEDCQSWWEDCRTSYTCKSNWHKGWNWTSGYNQGPVKAACHRFDFYFPTPAALCNEIWSHSYKVSNYSRGSGRCIQMWFDPFQGNPNEEVARFYA,0.57,PREDICTED: folate receptor alpha [Bos mutus] >ref|XP_005893565.1| PREDICTED: folate receptor alpha [Bos mutus] >ref|XP_005893566.1| PREDICTED: folate receptor alpha [Bos mutus] >ref|XP_005893567.1| PREDICTED: folate receptor alpha [Bos mutus] >ref|XP_014332990.1| PREDICTED: folate receptor alpha [Bos mutus] >gb|ELR57964.1| Folate receptor alpha [Bos mutus],Bos mutus
GTQLLNVCMNARYHKEKPGPEDKLHGQCSPWKKNACCFVNTSIEAHKDISSLYRFDWDHCGKMEPACKRHFIQDTCLYECSPNLGPWIREVNQSWRKERILNVPLCKEDCQ,0.56,hypothetical protein [Bos mutus],Bos mutus
GTQLLNVCMNARYHKEKPGPEDKLHGQCSPWKKNACCFVNTSIEAHKDISSLYRFDWDHCGKMEPACKRHFIQDTCLYECSPNLGPWIREVNQSWRKERILNVPLCKEDCQSWWEDCRTSYTCKSNWHRGWDWTSGYNQCPVKAACHRFDFYFPTPAALCNEIWSXASNYSRGSGRCIQMWFDPILDNPNEEVARFYA,0.56,PREDICTED: LOW QUALITY PROTEIN: folate receptor alpha-like [Bos mutus],Bos mutus
DLLNVCMDAKHHKAEPGPEDSLHEQCSPWRKNACCSVNTSIEAHKDISYLYRFNWDHCGKMEPACKRHFIQDTCLYECSPNLGPWIREVNQRWRKERVLGVPLCKEDCQSWWEDCRTSYTCKSNWHKGWNWTSGEDWGVWGVGGGGGGVEGFMEICGCGVGRARDGSGPSGYRSSILPTGYNQCPVKAACHRFDFYFPTPAALCNEIWSHSYKVSNYSRGSGRCIQMWFDPFQGNPNEEVARFYA,0.47,hypothetical protein [Bos mutus],Bos mutus
GHELLNVCMNAKPHKPEPGPEAELYEEFCLLLRGTQVDPRWQAERVLDAPLCLEDCERWWADCRTSHTCKSNWLGGWAWSRGK,0.42,hypothetical protein [Bos mutus],Bos mutus
LIVCMNAKHHKEKPSPEDKLHEQCSPWKKNACCSVNTSQEAHKDVSYLYRFNWDHCGPMKPACKRHFIQDTCLYECSPNLGPWIQEVNQSWRRERILDVPLCKEDCESWWEDCRTSYTCKNNWHKGWNWTSGSNECPVKAACHRFDFYFPTPAALCNEIWSHSYKVSNYSRGSGRCIQMWFDPAQGNPNEEVARFYA,0.58,PREDICTED: folate receptor alpha [Myotis davidii] >ref|XP_015417551.1| PREDICTED: folate receptor alpha [Myotis davidii],Myotis davidii
CSPWKKNACCSVNTSQEAHKDVSYLYRFNWDHCGPMKPACKRHFIQDTCLYECSPNLGPWIQEVNQSWRRERILDVPLCKEDCESWWEDCRTSYTCKNNWHKGWNWTSGSNECPVKAACHRFDFYFPTPAALCNEIWSHSYKVSNYSRGSGRCIQMWFDPAQGNPNEEVARFYA,0.59,Folate receptor alpha [Myotis davidii],Myotis davidii
AAQDTSPLNNFNWDHCGKMEPACKRHFIQDTCLYECSPNLGPWIQQVNDSWRRERFRNVPLCKEDCESWWEDCRTSYTCKNNWHKGWNWTSGSNKCPVEAVCRPFESYFPTPVALCEGLWSHSYQVSQYSRGSGRCIQMWFEPAQGNPNEEVARFYA,0.55,Folate receptor gamma [Myotis davidii],Myotis davidii
MEPACKRHFIQDTCLYECSPNLGPWIQQVNDSWRRERFRNVPLCKEDCESWWEDCRTSYTCKNNWHKGWNWTSGSNKCPVEAVCRPFESYFPTPVALCEGLWSHSYQVSQYSRGSGRCIQMWFEPAQGNPNEEVARFYA,0.57,PREDICTED: folate receptor beta [Myotis davidii] >ref|XP_015417664.1| PREDICTED: folate receptor beta [Myotis davidii],Myotis davidii
ESIHNRFNWDHCGPMKPSCKRHSIQDTCLYECSPNLGPWIQEVNQSWRKDQILNVPLCKEDCESWWEDCCTSYTCKSNWHKGWNWTSGSNECPVKAACHRFDFYFPTPAALCSEIWRHSYKVSNYSRGSGRCI,0.52,Folate receptor alpha [Myotis davidii],Myotis davidii
MKTKHHKPEPGPEDQLYDECSPWKGNACCTTNTSWEAHLDEAGLYNFSLIHCGLMIPDCQKHFIQAKCLHQCSPNLGPWIQQVAPCEQEERILDAPLCQEDCVQWWADCRTSYTCKSNWLGGWDWSRGKSHCPARARCCPLPYYFPTPAALCEKIWGNSFKASPERRNSGRCLQKWFKPSQCNPNMAVAQFFAS,0.93,Putative folate receptor delta [Myotis brandtii],Myotis brandtii
LNVCMDAKHHKEKPSPEDKLHEQCSPWKKNACCSVNTSQEAHKDVSYLYRFNWDHCGPMKPACKRHFIQDTCLYECSPNLGPWIQEVNQSWRRERILDVPLCKEDCESWWEDCRTSYTCKGNWHKGWNWTAGSNECPVKAACHRFDFYFPTPAALCNEIWSHSYKVSNYSRGSGRCIQMWFDPAQGNPNEEVARFYA,0.58,PREDICTED: folate receptor alpha-like [Myotis brandtii],Myotis brandtii
LNVCMDAKHHKTKPGPEDKLHGQCTPWRKNACCSVSTSQELHKDTSLLYNFNWDHCGKMEPACKRHFIQDTCLYECSPNLGPWIQQVNDSWRRERFRNVPLCKEDCESWWEDCRTSYTCKSDWHKGWNWTSGSNKCPAEAVCRTFESYFPTPAALCEGLWSHSYQVSQYSRGSGRCIQMWFEPAQGNPNEEVARFYA,0.57,Folate receptor beta [Myotis brandtii],Myotis brandtii
QCTPWRKNACCSVSTSQELHKDTSLLYNFNWDHCGKMEPACKRHFIQDTCLYECSPNLGPWIQQVNDSWRRERFRNVPLCKEDCESWWEDCRTSYTCKSDWHKGWNWTSGSNKCPAEAVCRTFESYFPTPAALCEGLWSHSYQVSQYSRGSGRCIQMWFEPAQGNPNEEVARFYA,0.56,PREDICTED: folate receptor beta [Myotis brandtii],Myotis brandtii
MEPACKRHFIQDTCLYECSPNLGPWIQQVNDSWRRERFRNVPLCKEDCESWWEDCRTSYTCKSDWHKGWNWTSGSNKCPAEAVCRTFESYFPTPAALCEGLWSHSYQVSQYSRGSGRCIQMWFEPAQGNPNEEVARFYA,0.57,Folate receptor beta [Myotis brandtii],Myotis brandtii
LNVCMDAKHHKERPSPEDKLHEQCGPWKKNACCSVNTSQEAHEDVSYLYRFNWDHCGPMKPACKRHFIQDTCLYECSPNLGPWIQEVNQSWRRERILDVPLCKEDCESWWEDCRTSYTCKGNWHKGWNWT,0.59,Tripartite motif-containing protein 75 [Myotis brandtii],Myotis brandtii
NWHKGWNWTSGSNECPVKAACHRFDFYFPTPAALCNEIWSHSYKVSNYSRGSGRCIQMWFDPAQGNPNEEVARFYA,0.55,PREDICTED: folate receptor alpha-like_ partial [Myotis brandtii],Myotis brandtii
